change,first_platform,last_platform,userid
False,weixin,weixin,1
True,android,weixin,14
True,ios,weixin,15
False,weixin,Non,19
False,weixin,Non,20
False,ios,Non,28
False,weixin,Non,33
False,weixin,Non,37
False,weixin,Non,39
False,weixin,Non,41
True,android,weixin,43
False,weixin,Non,44
False,weixin,Non,45
False,weixin,Non,47
True,android,weixin,50
False,weixin,Non,54
False,weixin,Non,68
False,weixin,Non,72
False,weixin,Non,84
False,weixin,Non,88
True,ios,weixin,91
False,weixin,Non,92
False,weixin,Non,97
False,weixin,Non,100
False,weixin,Non,112
False,weixin,Non,116
False,weixin,Non,122
False,weixin,Non,127
False,weixin,Non,128
False,weixin,Non,130
False,android,Non,131
False,weixin,Non,136
True,android,weixin,147
False,weixin,Non,154
False,weixin,Non,157
False,weixin,Non,159
False,weixin,Non,160
False,weixin,Non,166
False,weixin,Non,168
False,weixin,Non,170
False,weixin,Non,173
False,weixin,Non,174
False,weixin,Non,176
False,weixin,Non,180
False,weixin,Non,182
False,weixin,Non,187
False,ios,Non,188
False,weixin,Non,195
False,weixin,Non,209
False,weixin,Non,219
False,weixin,Non,221
True,android,weixin,245
False,weixin,Non,276
False,weixin,Non,277
False,weixin,Non,282
True,android,weixin,283
False,weixin,Non,289
False,weixin,Non,290
False,weixin,Non,294
True,ios,weixin,298
False,weixin,Non,305
False,weixin,Non,310
False,weixin,Non,311
False,weixin,Non,313
False,ios,Non,316
False,weixin,Non,322
False,weixin,Non,325
True,ios,weixin,326
False,weixin,Non,328
False,weixin,Non,330
True,android,weixin,342
False,weixin,Non,343
False,weixin,Non,345
False,weixin,Non,348
False,weixin,Non,354
False,weixin,Non,355
True,ios,weixin,356
True,android,weixin,357
False,weixin,Non,361
True,ios,weixin,363
False,weixin,Non,365
False,weixin,Non,366
False,weixin,Non,369
False,weixin,Non,370
False,weixin,Non,372
False,weixin,Non,374
False,weixin,Non,375
True,android,weixin,377
False,weixin,Non,379
False,weixin,Non,380
False,weixin,Non,381
False,weixin,Non,382
False,weixin,Non,383
False,weixin,Non,385
False,weixin,Non,386
False,weixin,Non,389
True,android,weixin,397
False,weixin,Non,406
False,weixin,Non,407
False,weixin,Non,408
False,weixin,Non,409
False,weixin,Non,412
False,weixin,Non,427
False,weixin,Non,429
False,weixin,Non,437
False,weixin,Non,446
False,weixin,Non,449
False,weixin,Non,453
False,weixin,Non,459
False,weixin,Non,470
False,weixin,Non,496
False,weixin,Non,501
False,weixin,Non,502
False,android,Non,504
False,weixin,Non,505
False,weixin,Non,507
False,weixin,Non,508
False,weixin,Non,517
True,android,weixin,520
False,weixin,Non,531
False,ios,Non,540
False,weixin,Non,543
False,android,Non,551
False,weixin,Non,552
False,weixin,Non,553
False,weixin,Non,554
False,weixin,Non,569
False,weixin,Non,573
True,ios,weixin,584
False,weixin,Non,586
False,weixin,Non,589
False,weixin,Non,591
False,weixin,Non,598
False,weixin,Non,599
True,ios,weixin,601
False,weixin,Non,602
False,weixin,Non,609
False,weixin,Non,614
False,weixin,Non,617
False,weixin,Non,623
False,weixin,Non,626
False,weixin,Non,629
False,weixin,Non,630
False,weixin,Non,642
False,weixin,Non,646
False,weixin,Non,652
False,weixin,Non,657
False,weixin,Non,668
False,weixin,Non,677
False,weixin,Non,679
False,weixin,Non,681
False,weixin,Non,682
False,weixin,Non,716
False,weixin,Non,718
False,weixin,Non,728
True,ios,weixin,731
False,weixin,Non,734
False,weixin,Non,735
False,weixin,Non,749
False,weixin,Non,752
False,weixin,Non,762
False,weixin,Non,785
False,weixin,Non,788
True,ios,weixin,801
False,weixin,Non,828
True,android,weixin,829
False,weixin,Non,834
False,weixin,Non,835
False,weixin,Non,840
False,weixin,Non,847
False,weixin,Non,849
False,weixin,Non,853
False,weixin,Non,855
False,weixin,Non,857
True,android,weixin,862
False,weixin,Non,868
False,weixin,Non,870
False,weixin,Non,872
False,weixin,Non,873
False,weixin,Non,874
False,weixin,Non,891
False,weixin,Non,894
False,weixin,Non,895
False,weixin,Non,899
False,weixin,Non,908
False,weixin,Non,909
False,weixin,Non,911
False,weixin,Non,917
False,weixin,Non,918
True,ios,weixin,921
False,weixin,Non,922
False,weixin,Non,923
True,android,weixin,927
False,weixin,Non,940
False,weixin,Non,941
False,weixin,Non,943
False,weixin,Non,945
False,weixin,Non,947
False,weixin,Non,949
False,weixin,Non,951
False,weixin,Non,952
False,weixin,Non,954
False,weixin,Non,958
False,android,Non,961
False,weixin,Non,962
False,weixin,Non,965
False,weixin,Non,966
False,weixin,Non,968
True,android,weixin,969
False,weixin,Non,970
False,weixin,Non,972
True,ios,weixin,973
False,weixin,Non,974
False,weixin,Non,975
True,ios,weixin,976
False,weixin,Non,987
False,weixin,Non,989
False,weixin,Non,990
False,weixin,Non,993
True,ios,weixin,996
False,weixin,Non,1016
False,weixin,Non,1017
False,weixin,Non,1018
True,android,weixin,1019
False,weixin,Non,1026
False,weixin,Non,1028
False,ios,Non,1031
False,weixin,Non,1033
False,weixin,Non,1036
False,ios,Non,1039
False,weixin,Non,1040
False,weixin,Non,1042
False,weixin,Non,1046
False,android,Non,1047
False,weixin,Non,1053
False,weixin,Non,1054
False,weixin,Non,1055
False,weixin,Non,1056
False,weixin,Non,1057
False,weixin,Non,1062
False,weixin,Non,1064
False,weixin,Non,1065
False,weixin,Non,1066
False,weixin,Non,1068
False,weixin,Non,1069
False,weixin,Non,1071
False,weixin,Non,1074
False,android,Non,1083
False,weixin,Non,1084
False,weixin,Non,1085
False,weixin,Non,1086
True,android,weixin,1089
False,weixin,Non,1092
False,weixin,Non,1093
False,weixin,Non,1096
False,weixin,Non,1097
False,weixin,Non,1100
False,weixin,Non,1102
False,weixin,Non,1105
False,weixin,Non,1107
True,ios,weixin,1108
False,ios,Non,1109
False,weixin,Non,1115
False,weixin,Non,1116
False,weixin,Non,1117
False,weixin,Non,1118
False,weixin,Non,1119
False,weixin,Non,1120
False,weixin,Non,1121
False,weixin,Non,1122
False,weixin,Non,1124
False,weixin,Non,1126
False,weixin,Non,1132
False,weixin,Non,1133
False,weixin,Non,1135
False,weixin,Non,1136
False,weixin,Non,1137
False,weixin,Non,1138
False,weixin,Non,1141
True,android,weixin,1142
False,weixin,Non,1143
False,weixin,Non,1146
False,weixin,Non,1150
False,weixin,Non,1155
False,weixin,Non,1157
False,weixin,Non,1161
False,weixin,Non,1170
False,weixin,Non,1176
False,weixin,Non,1177
False,weixin,Non,1179
False,weixin,Non,1182
False,weixin,Non,1184
False,weixin,Non,1185
False,weixin,Non,1186
False,weixin,Non,1197
False,weixin,Non,1200
False,weixin,Non,1201
True,android,weixin,1204
False,weixin,Non,1206
False,weixin,Non,1207
False,weixin,Non,1208
False,weixin,Non,1210
False,weixin,Non,1212
False,weixin,Non,1218
True,android,weixin,1219
False,weixin,Non,1220
False,weixin,Non,1223
False,weixin,Non,1224
False,weixin,Non,1225
False,weixin,Non,1226
False,weixin,Non,1227
False,weixin,Non,1228
False,weixin,Non,1229
False,weixin,Non,1231
False,weixin,Non,1232
True,android,weixin,1235
False,weixin,Non,1236
True,android,weixin,1238
False,weixin,Non,1239
False,weixin,Non,1244
False,weixin,Non,1245
False,weixin,Non,1246
False,weixin,Non,1247
True,ios,weixin,1250
False,weixin,Non,1251
False,weixin,Non,1252
False,weixin,Non,1253
False,weixin,Non,1254
False,weixin,Non,1256
False,weixin,Non,1257
False,weixin,Non,1258
False,weixin,Non,1262
False,weixin,Non,1263
False,weixin,Non,1266
False,weixin,Non,1267
False,weixin,Non,1269
False,weixin,Non,1272
False,weixin,Non,1273
True,android,weixin,1274
False,weixin,Non,1276
False,weixin,Non,1277
False,weixin,Non,1280
False,weixin,Non,1282
False,weixin,Non,1283
False,weixin,Non,1284
False,weixin,Non,1285
True,android,weixin,1286
False,weixin,Non,1288
False,weixin,Non,1290
False,android,Non,1292
False,weixin,Non,1293
False,weixin,Non,1295
False,weixin,Non,1297
True,android,weixin,1298
True,android,weixin,1300
False,weixin,Non,1301
False,weixin,Non,1302
False,weixin,Non,1305
False,weixin,Non,1306
False,weixin,Non,1307
False,weixin,Non,1308
False,weixin,Non,1310
False,weixin,Non,1312
False,weixin,Non,1316
False,weixin,Non,1317
False,weixin,Non,1318
False,weixin,Non,1319
False,weixin,Non,1320
False,weixin,Non,1321
False,weixin,Non,1323
False,weixin,Non,1328
False,weixin,Non,1337
False,weixin,Non,1338
False,weixin,Non,1341
False,weixin,Non,1353
False,weixin,Non,1365
False,weixin,Non,1370
False,weixin,Non,1376
False,weixin,Non,1382
False,weixin,Non,1385
False,weixin,Non,1409
False,weixin,Non,1417
False,weixin,Non,1420
False,weixin,Non,1425
False,weixin,Non,1432
False,android,Non,1436
False,weixin,Non,1442
False,weixin,Non,1450
False,weixin,Non,1453
False,weixin,Non,1460
False,weixin,Non,1466
False,weixin,Non,1475
False,weixin,Non,1478
False,weixin,Non,1507
True,ios,weixin,1509
True,ios,weixin,1527
False,weixin,Non,1533
False,weixin,Non,1536
True,ios,weixin,1542
False,weixin,Non,1562
False,weixin,Non,1567
False,weixin,Non,1570
False,weixin,Non,1609
False,weixin,Non,1613
False,weixin,Non,1622
False,weixin,Non,1631
False,weixin,Non,1637
False,weixin,Non,1648
False,weixin,Non,1656
False,weixin,Non,1664
False,weixin,Non,1680
False,weixin,Non,1683
False,weixin,Non,1697
False,weixin,Non,1703
False,weixin,Non,1710
False,weixin,Non,1719
False,weixin,Non,1725
False,weixin,Non,1753
False,weixin,Non,1762
False,weixin,Non,1768
False,weixin,Non,1776
False,weixin,Non,1780
False,weixin,Non,1789
False,weixin,Non,1792
False,weixin,Non,1794
False,weixin,Non,1805
False,weixin,Non,1808
False,weixin,Non,1821
False,weixin,Non,1834
False,weixin,Non,1859
False,weixin,Non,1874
True,android,weixin,1895
True,android,weixin,1903
False,weixin,Non,1909
True,android,weixin,1921
False,weixin,Non,1924
False,weixin,Non,1931
False,weixin,Non,1946
False,weixin,Non,1949
False,weixin,Non,1952
False,weixin,Non,1958
False,weixin,Non,1969
False,weixin,Non,1978
False,weixin,Non,1981
True,android,weixin,1995
False,weixin,Non,1998
False,weixin,Non,2001
False,android,Non,2007
False,weixin,Non,2053
False,weixin,Non,2057
False,weixin,Non,2060
False,weixin,Non,2066
False,weixin,Non,2072
False,weixin,Non,2081
False,weixin,Non,2084
False,weixin,Non,2087
False,weixin,Non,2093
False,weixin,Non,2101
False,weixin,Non,2107
True,ios,weixin,2114
False,weixin,Non,2121
False,weixin,Non,2123
False,weixin,Non,2127
False,weixin,Non,2133
False,weixin,Non,2135
False,weixin,Non,2138
False,weixin,Non,2152
False,weixin,Non,2158
False,weixin,Non,2166
False,weixin,Non,2169
False,weixin,Non,2175
False,weixin,Non,2177
False,weixin,Non,2186
False,android,Non,2189
False,weixin,Non,2192
True,ios,weixin,2198
False,weixin,Non,2204
False,weixin,Non,2209
False,weixin,Non,2212
False,weixin,Non,2218
False,weixin,Non,2227
False,weixin,Non,2230
False,weixin,Non,2233
True,android,weixin,2236
True,ios,weixin,2242
True,android,weixin,2244
False,weixin,Non,2247
False,weixin,Non,2250
False,weixin,Non,2258
False,weixin,Non,2263
False,weixin,Non,2265
False,weixin,Non,2270
False,weixin,Non,2290
False,weixin,Non,2304
False,weixin,Non,2306
False,weixin,Non,2310
True,android,weixin,2318
False,weixin,Non,2325
False,weixin,Non,2328
False,android,Non,2352
False,weixin,Non,2355
False,weixin,Non,2358
False,weixin,Non,2365
True,ios,weixin,2374
False,weixin,Non,2381
False,weixin,Non,2387
False,weixin,Non,2396
False,weixin,Non,2399
False,weixin,Non,2404
False,weixin,Non,2410
False,weixin,Non,2417
False,weixin,Non,2425
False,weixin,Non,2440
False,weixin,Non,2452
False,weixin,Non,2464
False,weixin,Non,2467
False,weixin,Non,2480
False,weixin,Non,2484
False,weixin,Non,2487
False,weixin,Non,2490
False,weixin,Non,2496
False,weixin,Non,2500
False,weixin,Non,2515
False,weixin,Non,2518
False,weixin,Non,2521
False,weixin,Non,2524
True,android,weixin,2527
False,weixin,Non,2533
False,weixin,Non,2537
False,weixin,Non,2539
False,weixin,Non,2543
False,weixin,Non,2549
False,weixin,Non,2565
False,weixin,Non,2568
False,weixin,Non,2579
False,weixin,Non,2586
True,ios,weixin,2597
False,weixin,Non,2600
False,weixin,Non,2613
False,weixin,Non,2644
False,weixin,Non,2664
False,weixin,Non,2675
False,weixin,Non,2691
True,android,weixin,2746
False,weixin,Non,2755
False,weixin,Non,2769
False,weixin,Non,2772
False,weixin,Non,2778
False,weixin,Non,2784
False,weixin,Non,2793
False,weixin,Non,2800
False,weixin,Non,2803
False,weixin,Non,2809
False,weixin,Non,2831
False,weixin,Non,2839
False,weixin,Non,2848
False,weixin,Non,2858
False,weixin,Non,2866
False,weixin,Non,2871
False,weixin,Non,2877
False,weixin,Non,2883
False,weixin,Non,2891
False,weixin,Non,2894
False,weixin,Non,2898
False,weixin,Non,2909
False,weixin,Non,2915
False,weixin,Non,2918
False,weixin,Non,2941
False,weixin,Non,2945
False,weixin,Non,2951
False,weixin,Non,2954
False,weixin,Non,2972
False,weixin,Non,2978
False,weixin,Non,3002
False,weixin,Non,3005
True,android,weixin,3007
False,weixin,Non,3025
False,weixin,Non,3034
False,weixin,Non,3040
False,weixin,Non,3047
False,weixin,Non,3050
False,weixin,Non,3053
False,weixin,Non,3056
True,android,weixin,3059
False,weixin,Non,3062
False,weixin,Non,3136
False,weixin,Non,3139
False,weixin,Non,3144
False,weixin,Non,3150
False,weixin,Non,3153
False,weixin,Non,3169
False,weixin,Non,3181
False,weixin,Non,3187
False,weixin,Non,3196
False,weixin,Non,3200
False,weixin,Non,3203
False,weixin,Non,3207
False,weixin,Non,3210
False,weixin,Non,3219
False,weixin,Non,3224
False,weixin,Non,3227
False,weixin,Non,3253
False,weixin,Non,3272
False,weixin,Non,3291
False,weixin,Non,3297
False,weixin,Non,3299
False,weixin,Non,3302
False,weixin,Non,3305
False,weixin,Non,3307
False,weixin,Non,3310
False,weixin,Non,3314
False,weixin,Non,3316
False,weixin,Non,3320
False,weixin,Non,3323
False,weixin,Non,3329
False,weixin,Non,3336
False,weixin,Non,3345
False,weixin,Non,3390
False,weixin,Non,3397
False,weixin,Non,3409
False,weixin,Non,3436
False,weixin,Non,3445
False,weixin,Non,3463
False,weixin,Non,3475
False,weixin,Non,3477
False,weixin,Non,3500
False,weixin,Non,3519
False,weixin,Non,3525
False,weixin,Non,3534
False,weixin,Non,3549
False,weixin,Non,3552
False,weixin,Non,3560
False,weixin,Non,3578
False,weixin,Non,3591
False,weixin,Non,3597
False,weixin,Non,3602
True,android,weixin,3605
False,weixin,Non,3608
False,weixin,Non,3611
False,weixin,Non,3620
True,android,weixin,3624
False,weixin,Non,3630
True,android,weixin,3636
False,weixin,Non,3642
False,weixin,Non,3648
False,weixin,Non,3651
False,weixin,Non,3661
False,weixin,Non,3665
False,weixin,Non,3668
False,weixin,Non,3684
False,weixin,Non,3693
False,weixin,Non,3702
False,weixin,Non,3705
False,weixin,Non,3708
False,weixin,Non,3715
True,android,weixin,3727
False,weixin,Non,3733
True,android,weixin,3745
False,weixin,Non,3754
False,weixin,Non,3757
False,weixin,Non,3760
False,weixin,Non,3763
False,weixin,Non,3771
False,weixin,Non,3774
False,weixin,Non,3779
False,weixin,Non,3782
False,weixin,Non,3786
False,weixin,Non,3789
False,weixin,Non,3848
False,weixin,Non,3852
False,weixin,Non,3855
True,ios,weixin,3858
False,weixin,Non,3863
False,weixin,Non,3878
False,weixin,Non,3884
False,weixin,Non,3905
False,weixin,Non,3911
False,weixin,Non,3914
False,weixin,Non,3919
True,android,weixin,3922
False,weixin,Non,3930
False,weixin,Non,3933
False,weixin,Non,3936
False,weixin,Non,3942
False,weixin,Non,3948
False,weixin,Non,3957
False,weixin,Non,3960
True,android,weixin,3963
False,weixin,Non,3969
False,weixin,Non,3986
False,weixin,Non,3991
False,weixin,Non,4014
False,weixin,Non,4017
False,weixin,Non,4032
False,weixin,Non,4041
False,weixin,Non,4059
False,weixin,Non,4074
False,weixin,Non,4082
False,weixin,Non,4088
False,weixin,Non,4109
False,weixin,Non,4112
False,weixin,Non,4127
False,weixin,Non,4153
False,weixin,Non,4156
False,weixin,Non,4161
False,weixin,Non,4181
False,weixin,Non,4191
False,weixin,Non,4197
False,weixin,Non,4206
False,weixin,Non,4218
False,weixin,Non,4221
False,weixin,Non,4244
False,weixin,Non,4260
False,weixin,Non,4302
False,weixin,Non,4320
False,weixin,Non,4329
False,weixin,Non,4341
False,weixin,Non,4348
False,weixin,Non,4351
False,weixin,Non,4354
False,weixin,Non,4374
False,weixin,Non,4410
False,weixin,Non,4413
False,weixin,Non,4424
False,weixin,Non,4449
False,weixin,Non,4455
False,weixin,Non,4466
False,weixin,Non,4469
False,weixin,Non,4475
True,android,weixin,4523
False,weixin,Non,4550
False,weixin,Non,4559
False,weixin,Non,4588
True,android,weixin,4590
True,android,weixin,4594
True,ios,weixin,4597
False,weixin,Non,4600
False,weixin,Non,4603
False,weixin,Non,4605
False,weixin,Non,4608
False,weixin,Non,4614
False,weixin,Non,4620
True,android,weixin,4641
False,weixin,Non,4715
False,weixin,Non,4739
False,weixin,Non,4751
False,weixin,Non,4858
False,weixin,Non,4876
False,weixin,Non,4899
False,weixin,Non,4902
False,weixin,Non,4905
False,weixin,Non,4908
False,weixin,Non,4911
True,android,weixin,4920
False,weixin,Non,4949
False,weixin,Non,4953
False,weixin,Non,4993
False,weixin,Non,7350
False,weixin,Non,7381
False,weixin,Non,7384
False,weixin,Non,7445
False,weixin,Non,7450
False,weixin,Non,7453
False,weixin,Non,7456
False,weixin,Non,7465
False,weixin,Non,7467
False,weixin,Non,7480
False,weixin,Non,7486
False,weixin,Non,7489
False,weixin,Non,7492
False,weixin,Non,7495
False,weixin,Non,7499
False,weixin,Non,7517
True,android,weixin,7543
True,android,weixin,7546
False,weixin,Non,7549
False,weixin,Non,7553
False,weixin,Non,7565
False,weixin,Non,7569
False,weixin,Non,7575
False,weixin,Non,7578
False,weixin,Non,7581
False,weixin,Non,7605
False,weixin,Non,7633
False,weixin,Non,7636
False,weixin,Non,7649
False,weixin,Non,7660
False,weixin,Non,7662
False,weixin,Non,7684
False,weixin,Non,7687
False,weixin,Non,7690
True,android,weixin,7705
False,weixin,Non,7714
False,weixin,Non,7729
False,weixin,Non,7732
False,weixin,Non,7737
False,weixin,Non,7738
False,weixin,Non,7739
False,weixin,Non,7745
False,weixin,Non,7746
False,weixin,Non,7748
False,weixin,Non,7751
False,weixin,Non,7754
False,weixin,Non,7771
True,ios,weixin,7772
False,weixin,Non,7783
False,weixin,Non,7784
False,weixin,Non,7786
False,weixin,Non,7789
False,weixin,Non,7790
True,ios,weixin,7792
False,weixin,Non,7799
False,weixin,Non,7800
False,weixin,Non,7809
False,weixin,Non,7816
False,weixin,Non,7818
False,weixin,Non,7819
False,weixin,Non,7820
False,weixin,Non,7828
False,weixin,Non,7835
False,weixin,Non,7837
False,weixin,Non,7859
False,weixin,Non,7862
True,android,weixin,7876
False,weixin,Non,7878
False,weixin,Non,7879
False,weixin,Non,7880
False,weixin,Non,7881
False,weixin,Non,7889
False,weixin,Non,7892
False,weixin,Non,7900
False,weixin,Non,7905
False,weixin,Non,7906
False,weixin,Non,7908
False,weixin,Non,7915
False,weixin,Non,7918
False,weixin,Non,7919
False,weixin,Non,7920
False,weixin,Non,7921
False,weixin,Non,7923
False,weixin,Non,7928
False,weixin,Non,7929
False,weixin,Non,7932
False,weixin,Non,7941
False,weixin,Non,7942
False,weixin,Non,7943
False,weixin,Non,7944
False,weixin,Non,7948
False,weixin,Non,7951
False,weixin,Non,7952
False,weixin,Non,7954
False,weixin,Non,7955
False,weixin,Non,7956
False,weixin,Non,7957
False,weixin,Non,7959
False,weixin,Non,7967
False,weixin,Non,7972
False,android,Non,7976
False,weixin,Non,7977
False,android,Non,7978
False,weixin,Non,7979
False,weixin,Non,7980
False,weixin,Non,7981
False,weixin,Non,7982
False,weixin,Non,7983
False,weixin,Non,7986
False,weixin,Non,7987
False,weixin,Non,7988
False,ios,Non,7989
False,weixin,Non,7990
False,weixin,Non,7991
False,weixin,Non,7993
False,weixin,Non,7994
False,weixin,Non,7995
True,android,weixin,7996
True,android,weixin,8000
False,weixin,Non,8001
False,weixin,Non,8002
False,weixin,Non,8005
False,weixin,Non,8007
False,weixin,Non,8009
False,weixin,Non,8013
False,weixin,Non,8016
False,weixin,Non,8019
False,weixin,Non,8021
False,weixin,Non,8022
False,weixin,Non,8023
False,weixin,Non,8026
False,weixin,Non,8027
False,weixin,Non,8028
False,weixin,Non,8030
False,weixin,Non,8031
False,weixin,Non,8038
False,android,Non,8042
False,weixin,Non,8043
False,weixin,Non,8044
False,weixin,Non,8046
False,weixin,Non,8047
False,weixin,Non,8052
False,weixin,Non,8054
False,weixin,Non,8055
False,weixin,Non,8057
False,weixin,Non,8060
False,weixin,Non,8061
False,weixin,Non,8062
False,weixin,Non,8063
False,weixin,Non,8064
False,weixin,Non,8066
False,weixin,Non,8067
False,weixin,Non,8070
False,weixin,Non,8071
False,weixin,Non,8072
False,weixin,Non,8074
False,weixin,Non,8075
False,weixin,Non,8077
False,weixin,Non,8078
False,weixin,Non,8079
False,weixin,Non,8081
False,weixin,Non,8083
False,weixin,Non,8084
False,weixin,Non,8085
False,weixin,Non,8086
False,weixin,Non,8088
False,weixin,Non,8089
False,weixin,Non,8090
False,weixin,Non,8091
False,weixin,Non,8092
False,weixin,Non,8093
True,android,weixin,8094
False,weixin,Non,8096
False,weixin,Non,8097
False,weixin,Non,8101
False,weixin,Non,8104
True,ios,weixin,8108
False,weixin,Non,8109
False,weixin,Non,8110
False,weixin,Non,8112
False,weixin,Non,8114
False,weixin,Non,8115
False,weixin,Non,8119
False,weixin,Non,8121
True,android,weixin,8122
False,weixin,Non,8123
False,weixin,Non,8124
False,weixin,Non,8125
False,weixin,Non,8126
False,weixin,Non,8127
False,weixin,Non,8129
False,weixin,Non,8130
False,weixin,Non,8131
False,weixin,Non,8132
False,weixin,Non,8133
False,weixin,Non,8134
False,weixin,Non,8135
False,weixin,Non,8136
False,weixin,Non,8137
False,weixin,Non,8139
False,weixin,Non,8141
False,weixin,Non,8142
False,weixin,Non,8143
False,weixin,Non,8145
False,weixin,Non,8146
False,weixin,Non,8147
False,weixin,Non,8148
False,weixin,Non,8149
False,weixin,Non,8151
False,weixin,Non,8152
False,weixin,Non,8153
False,weixin,Non,8154
False,weixin,Non,8156
False,weixin,Non,8158
False,weixin,Non,8163
False,weixin,Non,8164
False,weixin,Non,8166
False,weixin,Non,8168
True,android,weixin,8170
False,weixin,Non,8171
False,weixin,Non,8172
True,android,weixin,8173
False,weixin,Non,8174
False,weixin,Non,8175
False,weixin,Non,8176
False,weixin,Non,8179
False,weixin,Non,8180
False,android,Non,8181
False,weixin,Non,8182
False,weixin,Non,8184
False,weixin,Non,8187
False,weixin,Non,8188
False,weixin,Non,8189
False,weixin,Non,8191
False,weixin,Non,8192
False,weixin,Non,8194
False,weixin,Non,8195
False,weixin,Non,8196
False,weixin,Non,8197
False,weixin,Non,8198
False,weixin,Non,8199
False,weixin,Non,8200
False,weixin,Non,8204
False,weixin,Non,8207
False,weixin,Non,8208
False,weixin,Non,8209
False,weixin,Non,8210
False,weixin,Non,8211
False,weixin,Non,8213
False,weixin,Non,8214
False,weixin,Non,8215
False,weixin,Non,8216
False,weixin,Non,8221
False,weixin,Non,8222
False,weixin,Non,8223
False,weixin,Non,8225
False,weixin,Non,8226
False,weixin,Non,8228
False,weixin,Non,8229
False,weixin,Non,8230
False,weixin,Non,8232
False,weixin,Non,8233
False,weixin,Non,8236
False,weixin,Non,8238
False,weixin,Non,8239
False,weixin,Non,8241
False,weixin,Non,8242
False,weixin,Non,8243
False,weixin,Non,8244
False,weixin,Non,8245
False,weixin,Non,8246
True,android,weixin,8248
False,weixin,Non,8249
False,weixin,Non,8250
False,android,Non,8251
False,weixin,Non,8258
False,weixin,Non,8259
False,weixin,Non,8260
False,weixin,Non,8263
True,android,weixin,8264
False,weixin,Non,8266
False,weixin,Non,8267
True,android,weixin,8268
False,weixin,Non,8269
False,weixin,Non,8270
False,weixin,Non,8271
False,weixin,Non,8274
True,android,weixin,8275
False,weixin,Non,8276
False,weixin,Non,8278
False,weixin,Non,8279
True,ios,weixin,8280
False,weixin,Non,8281
False,weixin,Non,8285
False,weixin,Non,8286
False,weixin,Non,8288
False,weixin,Non,8289
False,weixin,Non,8294
False,weixin,Non,8296
False,weixin,Non,8299
False,weixin,Non,8301
False,weixin,Non,8302
False,weixin,Non,8304
False,weixin,Non,8309
False,weixin,Non,8312
False,weixin,Non,8313
False,weixin,Non,8315
False,weixin,Non,8317
False,weixin,Non,8320
False,weixin,Non,8322
False,weixin,Non,8323
False,weixin,Non,8324
False,weixin,Non,8325
False,weixin,Non,8326
False,weixin,Non,8327
False,weixin,Non,8328
False,weixin,Non,8329
False,weixin,Non,8330
False,weixin,Non,8332
False,weixin,Non,8334
True,android,weixin,8335
False,weixin,Non,8337
False,weixin,Non,8341
False,weixin,Non,8343
False,weixin,Non,8347
False,weixin,Non,8348
False,weixin,Non,8350
False,weixin,Non,8354
False,weixin,Non,8355
False,weixin,Non,8356
False,weixin,Non,8357
False,weixin,Non,8358
True,android,weixin,8359
False,weixin,Non,8360
False,weixin,Non,8361
False,weixin,Non,8362
False,weixin,Non,8363
False,weixin,Non,8364
False,weixin,Non,8365
False,weixin,Non,8367
False,weixin,Non,8369
False,weixin,Non,8370
False,weixin,Non,8371
False,weixin,Non,8372
False,weixin,Non,8373
False,weixin,Non,8374
False,weixin,Non,8375
False,weixin,Non,8376
False,weixin,Non,8380
False,weixin,Non,8381
False,weixin,Non,8384
False,android,Non,8385
False,weixin,Non,8386
False,weixin,Non,8387
False,weixin,Non,8388
False,weixin,Non,8389
False,weixin,Non,8392
False,weixin,Non,8396
False,weixin,Non,8398
False,weixin,Non,8399
False,weixin,Non,8401
False,weixin,Non,8403
False,weixin,Non,8405
True,android,weixin,8406
False,weixin,Non,8408
False,weixin,Non,8409
False,weixin,Non,8410
False,weixin,Non,8411
False,weixin,Non,8412
False,weixin,Non,8415
False,weixin,Non,8416
False,weixin,Non,8417
True,android,weixin,8418
False,weixin,Non,8421
False,weixin,Non,8422
False,weixin,Non,8423
True,ios,weixin,8424
False,weixin,Non,8426
False,weixin,Non,8427
False,weixin,Non,8428
False,weixin,Non,8432
False,weixin,Non,8433
False,weixin,Non,8434
True,android,weixin,8435
True,android,weixin,8438
True,android,weixin,8439
False,weixin,Non,8440
False,weixin,Non,8443
False,weixin,Non,8444
False,weixin,Non,8445
False,weixin,Non,8447
False,weixin,Non,8448
False,weixin,Non,8452
False,weixin,Non,8454
False,weixin,Non,8455
False,weixin,Non,8458
False,weixin,Non,8460
False,weixin,Non,8462
False,weixin,Non,8463
False,weixin,Non,8465
False,weixin,Non,8466
False,weixin,Non,8467
True,android,weixin,8468
False,weixin,Non,8469
False,weixin,Non,8472
False,weixin,Non,8475
True,android,weixin,8476
False,weixin,Non,8477
False,weixin,Non,8478
False,weixin,Non,8480
False,weixin,Non,8482
False,weixin,Non,8484
False,weixin,Non,8485
False,weixin,Non,8486
False,weixin,Non,8487
True,ios,weixin,8489
True,ios,weixin,8490
False,weixin,Non,8491
False,weixin,Non,8492
False,weixin,Non,8497
False,weixin,Non,8500
False,weixin,Non,8505
False,weixin,Non,8506
False,weixin,Non,8508
False,weixin,Non,8509
True,android,weixin,8512
False,weixin,Non,8513
False,weixin,Non,8520
False,weixin,Non,8528
False,weixin,Non,8530
False,weixin,Non,8534
False,weixin,Non,8535
False,weixin,Non,8536
False,weixin,Non,8537
False,weixin,Non,8539
False,weixin,Non,8542
False,weixin,Non,8543
False,weixin,Non,8544
False,weixin,Non,8549
False,weixin,Non,8550
False,weixin,Non,8551
False,weixin,Non,8552
False,weixin,Non,8553
False,weixin,Non,8554
True,android,weixin,8555
False,weixin,Non,8556
False,weixin,Non,8558
False,weixin,Non,8560
False,weixin,Non,8561
False,weixin,Non,8564
False,weixin,Non,8565
False,weixin,Non,8566
False,weixin,Non,8567
True,android,weixin,8568
False,weixin,Non,8569
False,weixin,Non,8573
False,weixin,Non,8574
False,weixin,Non,8575
False,weixin,Non,8576
False,weixin,Non,8577
False,weixin,Non,8578
False,weixin,Non,8582
False,weixin,Non,8586
False,weixin,Non,8587
False,weixin,Non,8589
False,weixin,Non,8590
False,weixin,Non,8591
False,weixin,Non,8592
False,weixin,Non,8593
False,weixin,Non,8594
False,weixin,Non,8595
False,weixin,Non,8596
False,weixin,Non,8600
False,weixin,Non,8601
False,weixin,Non,8602
False,weixin,Non,8603
False,weixin,Non,8604
False,weixin,Non,8605
True,android,weixin,8607
False,weixin,Non,8610
False,weixin,Non,8611
True,android,weixin,8614
False,weixin,Non,8619
False,weixin,Non,8621
False,weixin,Non,8622
False,weixin,Non,8626
False,weixin,Non,8628
False,weixin,Non,8635
False,weixin,Non,8637
False,weixin,Non,8638
False,weixin,Non,8640
False,weixin,Non,8641
False,weixin,Non,8643
False,weixin,Non,8644
False,weixin,Non,8649
False,weixin,Non,8650
False,weixin,Non,8651
False,weixin,Non,8653
False,weixin,Non,8654
False,weixin,Non,8656
False,weixin,Non,8657
True,android,weixin,8663
False,weixin,Non,8665
False,weixin,Non,8666
False,weixin,Non,8667
False,weixin,Non,8670
False,weixin,Non,8672
False,android,Non,8677
False,weixin,Non,8678
False,weixin,Non,8680
False,weixin,Non,8681
False,weixin,Non,8683
False,weixin,Non,8684
False,weixin,Non,8685
False,weixin,Non,8686
False,weixin,Non,8687
False,weixin,Non,8689
False,weixin,Non,8691
False,weixin,Non,8694
False,weixin,Non,8695
False,weixin,Non,8696
False,weixin,Non,8697
False,weixin,Non,8699
False,weixin,Non,8706
False,weixin,Non,8707
False,weixin,Non,8708
False,weixin,Non,8709
False,weixin,Non,8710
False,weixin,Non,8711
False,weixin,Non,8712
False,weixin,Non,8713
False,weixin,Non,8714
False,weixin,Non,8715
False,weixin,Non,8716
False,weixin,Non,8717
False,weixin,Non,8718
False,weixin,Non,8719
False,weixin,Non,8722
False,weixin,Non,8723
True,android,weixin,8724
False,weixin,Non,8727
False,weixin,Non,8729
False,weixin,Non,8730
False,weixin,Non,8732
False,weixin,Non,8733
False,weixin,Non,8734
False,weixin,Non,8736
True,android,weixin,8737
False,weixin,Non,8738
False,weixin,Non,8739
False,weixin,Non,8740
False,weixin,Non,8741
False,weixin,Non,8742
False,weixin,Non,8743
False,weixin,Non,8744
False,weixin,Non,8745
False,weixin,Non,8746
False,weixin,Non,8749
False,weixin,Non,8750
False,weixin,Non,8751
False,weixin,Non,8752
False,weixin,Non,8753
True,android,weixin,8755
False,weixin,Non,8756
False,weixin,Non,8758
False,weixin,Non,8760
False,weixin,Non,8762
False,weixin,Non,8764
False,weixin,Non,8765
False,weixin,Non,8767
False,weixin,Non,8769
False,weixin,Non,8771
False,weixin,Non,8773
False,weixin,Non,8774
False,weixin,Non,8775
False,android,Non,8776
False,weixin,Non,8777
False,weixin,Non,8781
False,weixin,Non,8785
False,weixin,Non,8787
False,weixin,Non,8789
False,weixin,Non,8791
False,weixin,Non,8792
False,weixin,Non,8794
False,weixin,Non,8795
False,weixin,Non,8796
False,weixin,Non,8797
True,ios,weixin,8803
False,weixin,Non,8804
False,weixin,Non,8807
False,weixin,Non,8808
False,weixin,Non,8810
False,weixin,Non,8811
False,weixin,Non,8812
False,weixin,Non,8813
False,weixin,Non,8815
False,weixin,Non,8817
False,weixin,Non,8818
False,weixin,Non,8822
False,weixin,Non,8823
False,weixin,Non,8826
False,weixin,Non,8828
False,weixin,Non,8829
False,weixin,Non,8835
False,weixin,Non,8836
False,weixin,Non,8837
False,weixin,Non,8838
True,android,weixin,8839
False,weixin,Non,8840
False,weixin,Non,8841
False,weixin,Non,8842
False,weixin,Non,8843
False,weixin,Non,8844
False,weixin,Non,8848
False,weixin,Non,8851
False,weixin,Non,8854
False,weixin,Non,8855
False,weixin,Non,8856
False,weixin,Non,8859
False,weixin,Non,8860
False,weixin,Non,8861
False,weixin,Non,8863
False,weixin,Non,8866
False,weixin,Non,8867
False,weixin,Non,8868
False,weixin,Non,8870
False,weixin,Non,8873
False,weixin,Non,8874
False,weixin,Non,8876
False,weixin,Non,8877
True,android,weixin,8879
False,weixin,Non,8884
False,weixin,Non,8885
False,weixin,Non,8889
False,weixin,Non,8891
False,weixin,Non,8892
False,weixin,Non,8894
False,weixin,Non,8897
True,android,weixin,8898
False,weixin,Non,8899
False,weixin,Non,8902
False,weixin,Non,8903
False,weixin,Non,8904
False,weixin,Non,8906
False,weixin,Non,8907
False,weixin,Non,8909
False,weixin,Non,8910
False,weixin,Non,8911
False,weixin,Non,8913
False,weixin,Non,8914
False,weixin,Non,8915
False,weixin,Non,8916
False,weixin,Non,8917
False,weixin,Non,8918
False,weixin,Non,8919
False,weixin,Non,8920
False,weixin,Non,8921
False,weixin,Non,8924
False,weixin,Non,8925
False,weixin,Non,8926
False,weixin,Non,8927
False,weixin,Non,8929
False,weixin,Non,8930
False,weixin,Non,8931
False,weixin,Non,8932
False,weixin,Non,8933
False,weixin,Non,8934
False,weixin,Non,8935
False,weixin,Non,8936
False,weixin,Non,8937
False,weixin,Non,8938
False,weixin,Non,8939
False,weixin,Non,8940
False,weixin,Non,8941
False,weixin,Non,8943
True,android,weixin,8944
False,weixin,Non,8947
False,weixin,Non,8948
False,weixin,Non,8951
False,weixin,Non,8952
True,ios,weixin,8954
False,weixin,Non,8955
False,weixin,Non,8958
False,weixin,Non,8959
False,weixin,Non,8963
False,weixin,Non,8964
False,weixin,Non,8965
False,weixin,Non,8967
False,weixin,Non,8968
False,weixin,Non,8969
False,weixin,Non,8970
True,ios,weixin,8971
False,weixin,Non,8973
False,weixin,Non,8975
False,weixin,Non,8977
False,weixin,Non,8979
False,weixin,Non,8980
False,weixin,Non,8981
False,weixin,Non,8982
False,weixin,Non,8983
False,weixin,Non,8984
False,weixin,Non,8986
False,weixin,Non,8987
False,weixin,Non,8988
False,weixin,Non,8989
True,android,weixin,8995
False,weixin,Non,8996
False,weixin,Non,8997
False,weixin,Non,9000
False,weixin,Non,9002
False,weixin,Non,9003
False,weixin,Non,9004
True,android,weixin,9005
False,weixin,Non,9007
False,weixin,Non,9008
False,weixin,Non,9009
False,weixin,Non,9010
False,weixin,Non,9013
False,weixin,Non,9014
False,weixin,Non,9015
True,android,weixin,9017
False,weixin,Non,9019
False,weixin,Non,9021
False,weixin,Non,9022
False,weixin,Non,9023
False,weixin,Non,9028
False,weixin,Non,9030
False,weixin,Non,9033
False,weixin,Non,9034
False,weixin,Non,9037
False,weixin,Non,9038
False,weixin,Non,9039
False,weixin,Non,9040
False,weixin,Non,9041
True,ios,weixin,9042
False,weixin,Non,9043
False,weixin,Non,9044
False,weixin,Non,9046
False,weixin,Non,9049
False,weixin,Non,9050
False,weixin,Non,9051
False,weixin,Non,9054
False,weixin,Non,9056
False,weixin,Non,9057
False,weixin,Non,9060
False,weixin,Non,9061
False,weixin,Non,9062
False,weixin,Non,9064
False,weixin,Non,9066
False,weixin,Non,9068
False,weixin,Non,9069
False,weixin,Non,9070
False,weixin,Non,9074
False,weixin,Non,9075
False,weixin,Non,9077
False,weixin,Non,9079
False,weixin,Non,9081
False,weixin,Non,9084
False,weixin,Non,9085
False,weixin,Non,9088
False,weixin,Non,9089
False,weixin,Non,9093
False,weixin,Non,9094
False,weixin,Non,9095
False,weixin,Non,9097
False,weixin,Non,9098
False,weixin,Non,9099
False,weixin,Non,9100
True,ios,weixin,9101
False,weixin,Non,9102
True,ios,weixin,9104
False,weixin,Non,9106
False,weixin,Non,9111
False,weixin,Non,9113
False,weixin,Non,9115
False,weixin,Non,9116
False,weixin,Non,9119
False,weixin,Non,9124
True,android,weixin,9125
True,ios,weixin,9126
False,weixin,Non,9127
False,weixin,Non,9128
False,weixin,Non,9131
False,weixin,Non,9132
False,weixin,Non,9133
False,weixin,Non,9134
False,weixin,Non,9137
False,weixin,Non,9139
False,weixin,Non,9140
False,weixin,Non,9141
True,ios,weixin,9142
False,weixin,Non,9143
False,weixin,Non,9145
False,weixin,Non,9146
False,weixin,Non,9149
False,weixin,Non,9150
False,weixin,Non,9151
False,weixin,Non,9152
False,weixin,Non,9153
False,weixin,Non,9154
False,weixin,Non,9155
False,weixin,Non,9156
False,weixin,Non,9157
False,weixin,Non,9158
False,weixin,Non,9163
False,weixin,Non,9164
False,weixin,Non,9166
False,weixin,Non,9169
False,weixin,Non,9173
False,weixin,Non,9175
False,weixin,Non,9176
False,weixin,Non,9177
False,weixin,Non,9178
False,weixin,Non,9179
False,weixin,Non,9180
True,android,weixin,9181
False,weixin,Non,9182
False,weixin,Non,9184
False,weixin,Non,9185
False,weixin,Non,9186
False,weixin,Non,9187
False,weixin,Non,9188
False,weixin,Non,9190
False,weixin,Non,9193
False,weixin,Non,9197
False,weixin,Non,9198
False,weixin,Non,9199
False,weixin,Non,9201
False,weixin,Non,9202
False,weixin,Non,9203
False,weixin,Non,9204
False,weixin,Non,9205
False,weixin,Non,9206
False,weixin,Non,9207
False,weixin,Non,9208
False,weixin,Non,9209
False,weixin,Non,9210
False,weixin,Non,9211
False,weixin,Non,9212
False,weixin,Non,9213
False,weixin,Non,9214
False,weixin,Non,9216
False,weixin,Non,9217
False,weixin,Non,9219
False,weixin,Non,9221
False,weixin,Non,9223
False,weixin,Non,9225
False,weixin,Non,9226
False,weixin,Non,9227
False,weixin,Non,9228
False,weixin,Non,9230
False,weixin,Non,9233
False,weixin,Non,9234
False,weixin,Non,9235
False,weixin,Non,9236
False,weixin,Non,9237
False,weixin,Non,9238
False,weixin,Non,9239
False,weixin,Non,9240
False,weixin,Non,9241
False,weixin,Non,9244
False,weixin,Non,9245
True,android,weixin,9248
False,weixin,Non,9250
False,weixin,Non,9252
False,weixin,Non,9253
False,weixin,Non,9256
False,weixin,Non,9258
False,weixin,Non,9259
False,weixin,Non,9260
False,weixin,Non,9261
False,weixin,Non,9262
False,weixin,Non,9263
False,weixin,Non,9265
False,weixin,Non,9267
False,weixin,Non,9268
False,weixin,Non,9269
False,weixin,Non,9270
False,weixin,Non,9271
False,weixin,Non,9272
False,weixin,Non,9273
False,weixin,Non,9275
True,android,weixin,9276
False,weixin,Non,9278
False,weixin,Non,9280
True,android,weixin,9281
False,weixin,Non,9282
False,weixin,Non,9283
False,weixin,Non,9285
False,weixin,Non,9286
False,weixin,Non,9289
False,weixin,Non,9291
False,weixin,Non,9293
False,weixin,Non,9295
False,weixin,Non,9298
False,weixin,Non,9299
False,weixin,Non,9301
False,weixin,Non,9305
False,weixin,Non,9306
False,weixin,Non,9307
False,weixin,Non,9308
False,weixin,Non,9310
False,weixin,Non,9311
False,weixin,Non,9312
False,weixin,Non,9313
False,weixin,Non,9314
False,weixin,Non,9315
False,weixin,Non,9316
False,weixin,Non,9317
False,weixin,Non,9321
False,weixin,Non,9322
False,weixin,Non,9323
False,weixin,Non,9324
False,weixin,Non,9325
False,weixin,Non,9328
False,weixin,Non,9330
False,weixin,Non,9331
False,weixin,Non,9332
False,weixin,Non,9333
False,weixin,Non,9334
False,weixin,Non,9335
False,weixin,Non,9336
False,weixin,Non,9337
False,weixin,Non,9338
False,weixin,Non,9339
False,weixin,Non,9340
False,weixin,Non,9342
False,weixin,Non,9343
False,weixin,Non,9344
False,weixin,Non,9345
False,weixin,Non,9346
False,weixin,Non,9347
False,weixin,Non,9348
False,weixin,Non,9350
False,weixin,Non,9352
True,android,weixin,9354
False,weixin,Non,9355
False,weixin,Non,9356
False,weixin,Non,9357
False,weixin,Non,9359
False,weixin,Non,9360
False,weixin,Non,9361
False,weixin,Non,9363
False,weixin,Non,9364
False,weixin,Non,9365
False,android,Non,9366
False,weixin,Non,9368
False,weixin,Non,9369
False,weixin,Non,9370
False,weixin,Non,9371
False,weixin,Non,9372
False,weixin,Non,9374
False,weixin,Non,9376
True,android,weixin,9377
False,weixin,Non,9378
False,weixin,Non,9380
False,weixin,Non,9381
False,weixin,Non,9382
False,weixin,Non,9383
True,android,weixin,9384
False,weixin,Non,9385
False,weixin,Non,9386
False,weixin,Non,9388
False,weixin,Non,9389
True,android,weixin,9393
False,weixin,Non,9398
False,weixin,Non,9400
False,weixin,Non,9401
False,weixin,Non,9402
False,weixin,Non,9404
False,weixin,Non,9405
False,weixin,Non,9407
False,weixin,Non,9410
False,weixin,Non,9414
False,weixin,Non,9415
False,weixin,Non,9416
False,weixin,Non,9418
False,weixin,Non,9419
False,weixin,Non,9421
False,weixin,Non,9422
False,weixin,Non,9423
False,weixin,Non,9424
False,weixin,Non,9425
False,weixin,Non,9426
False,weixin,Non,9427
False,weixin,Non,9428
False,weixin,Non,9430
False,weixin,Non,9431
False,weixin,Non,9432
False,weixin,Non,9433
False,weixin,Non,9435
False,weixin,Non,9437
False,weixin,Non,9438
False,weixin,Non,9439
False,weixin,Non,9440
False,ios,Non,9441
False,weixin,Non,9442
False,weixin,Non,9443
False,ios,Non,9444
False,weixin,Non,9446
False,ios,Non,9448
False,weixin,Non,9449
False,weixin,Non,9452
False,weixin,Non,9453
False,weixin,Non,9454
True,android,weixin,9455
True,android,weixin,9456
False,weixin,Non,9458
False,weixin,Non,9459
False,weixin,Non,9461
False,weixin,Non,9463
True,ios,weixin,9466
False,weixin,Non,9468
False,weixin,Non,9469
False,weixin,Non,9470
False,weixin,Non,9472
False,weixin,Non,9473
False,weixin,Non,9481
False,ios,Non,9490
False,weixin,Non,9493
False,weixin,Non,9498
False,weixin,Non,9499
False,weixin,Non,9504
False,weixin,Non,9511
False,weixin,Non,9512
False,weixin,Non,9514
False,weixin,Non,9515
False,weixin,Non,9516
False,ios,Non,9517
False,weixin,Non,9518
True,android,weixin,9519
False,weixin,Non,9520
False,weixin,Non,9521
False,weixin,Non,9523
True,android,weixin,9524
True,ios,weixin,9526
False,weixin,Non,9527
False,weixin,Non,9528
False,weixin,Non,9529
False,weixin,Non,9530
True,android,weixin,9532
False,ios,Non,9534
False,weixin,Non,9535
False,weixin,Non,9537
True,ios,weixin,9538
False,weixin,Non,9545
False,weixin,Non,9551
False,weixin,Non,9556
True,ios,weixin,9557
False,weixin,Non,9559
False,weixin,Non,9567
False,weixin,Non,9576
False,weixin,Non,9577
False,weixin,Non,9578
False,weixin,Non,9588
False,weixin,Non,9592
False,ios,Non,9593
False,weixin,Non,9598
False,weixin,Non,9599
False,weixin,Non,9600
False,weixin,Non,9605
True,android,weixin,9606
False,ios,Non,9607
False,ios,Non,9608
False,weixin,Non,9609
False,weixin,Non,9610
False,weixin,Non,9612
False,weixin,Non,9614
False,weixin,Non,9616
False,weixin,Non,9619
False,weixin,Non,9620
True,android,weixin,9622
False,weixin,Non,9623
False,weixin,Non,9624
False,weixin,Non,9628
False,weixin,Non,9630
True,android,weixin,9631
False,weixin,Non,9639
True,android,weixin,9647
False,android,Non,9650
False,ios,Non,9651
False,ios,Non,9652
False,weixin,Non,9653
False,weixin,Non,9657
False,ios,Non,9661
False,weixin,Non,9662
True,android,weixin,9664
False,weixin,Non,9666
False,weixin,Non,9667
False,weixin,Non,9670
False,weixin,Non,9671
False,weixin,Non,9672
True,android,weixin,9673
True,ios,weixin,9678
True,android,ios,9680
False,ios,Non,9682
False,weixin,Non,9683
False,ios,Non,9687
False,android,Non,9690
False,weixin,Non,9692
False,weixin,Non,9694
False,ios,Non,9696
False,android,Non,9697
False,weixin,Non,9700
True,android,weixin,9701
False,weixin,Non,9702
False,weixin,Non,9706
False,weixin,Non,9707
False,ios,Non,9709
False,weixin,Non,9710
True,ios,weixin,9711
True,ios,weixin,9716
False,weixin,Non,9717
True,android,weixin,9718
False,weixin,Non,9722
False,weixin,Non,9723
False,ios,Non,9724
False,weixin,Non,9725
False,weixin,Non,9728
False,weixin,Non,9730
False,weixin,Non,9731
False,weixin,Non,9734
False,weixin,Non,9735
False,android,Non,9738
False,weixin,Non,9739
False,android,Non,9742
False,android,Non,9748
False,weixin,Non,9752
True,android,weixin,9754
True,ios,weixin,9755
False,ios,Non,9756
True,android,weixin,9759
False,ios,Non,9761
False,android,Non,9764
False,android,Non,9766
True,android,weixin,9767
False,weixin,Non,9774
False,weixin,Non,9778
False,weixin,Non,9779
False,android,Non,9780
False,weixin,Non,9782
False,weixin,Non,9783
False,weixin,Non,9784
False,weixin,Non,9787
False,weixin,Non,9788
False,android,Non,9790
False,weixin,Non,9791
False,ios,Non,9793
False,ios,Non,9796
False,weixin,Non,9797
False,weixin,Non,9800
False,weixin,Non,9801
False,android,Non,9802
False,ios,Non,9803
False,weixin,Non,9805
False,android,Non,9806
False,weixin,Non,9808
False,weixin,Non,9811
False,weixin,Non,9814
False,weixin,Non,9818
False,android,Non,9820
False,weixin,Non,9824
True,android,weixin,9830
False,weixin,Non,9831
False,weixin,Non,9833
False,weixin,Non,9834
False,weixin,Non,9835
False,weixin,Non,9836
False,weixin,Non,9839
False,weixin,Non,9845
False,weixin,Non,9846
False,weixin,Non,9847
False,weixin,Non,9848
False,weixin,Non,9850
False,weixin,Non,9851
True,ios,weixin,9852
False,weixin,Non,9855
False,ios,Non,9857
False,weixin,Non,9858
False,android,Non,9859
False,weixin,Non,9860
False,weixin,Non,9862
False,weixin,Non,9865
False,weixin,Non,9866
False,weixin,Non,9869
True,android,weixin,9870
False,weixin,Non,9873
False,ios,Non,9874
True,ios,weixin,9876
False,weixin,Non,9878
False,weixin,Non,9882
False,weixin,Non,9883
True,ios,weixin,9884
False,weixin,Non,9885
False,android,Non,9887
False,weixin,Non,9889
False,android,Non,9890
True,android,weixin,9891
False,weixin,Non,9895
False,weixin,Non,9897
False,weixin,Non,9898
False,weixin,Non,9899
True,android,weixin,9900
False,weixin,Non,9901
False,weixin,Non,9902
False,android,Non,9903
False,weixin,Non,9904
False,weixin,Non,9905
False,weixin,Non,9906
False,weixin,Non,9907
False,android,Non,9910
False,weixin,Non,9913
True,ios,weixin,9914
False,weixin,Non,9916
False,weixin,Non,9917
False,weixin,Non,9918
False,weixin,Non,9919
False,weixin,Non,9920
True,android,weixin,9921
False,weixin,Non,9922
False,weixin,Non,9927
True,ios,weixin,9928
True,android,weixin,9929
True,android,weixin,9932
True,android,weixin,9933
False,weixin,Non,9935
False,weixin,Non,9937
False,weixin,Non,9938
False,weixin,Non,9939
False,weixin,Non,9941
False,weixin,Non,9943
False,weixin,Non,9945
False,weixin,Non,9946
False,weixin,Non,9947
False,weixin,Non,9949
False,weixin,Non,9951
False,weixin,Non,9955
False,weixin,Non,9956
False,weixin,Non,9957
False,weixin,Non,9958
False,weixin,Non,9959
False,weixin,Non,9962
True,android,ios,9963
False,weixin,Non,9966
True,android,weixin,9969
False,weixin,Non,9970
False,weixin,Non,9971
False,weixin,Non,9973
False,weixin,Non,9974
True,android,weixin,9975
True,android,weixin,9976
True,ios,weixin,9977
False,weixin,Non,9978
False,weixin,Non,9979
False,weixin,Non,9983
False,weixin,Non,9984
False,weixin,Non,9987
False,weixin,Non,9988
False,weixin,Non,9989
False,weixin,Non,9990
False,weixin,Non,9992
False,weixin,Non,9993
False,weixin,Non,9994
False,weixin,Non,9995
False,weixin,Non,10003
False,weixin,Non,10004
True,android,weixin,10005
True,android,weixin,10006
False,weixin,Non,10007
False,weixin,Non,10010
False,weixin,Non,10011
False,weixin,Non,10013
False,android,Non,10016
False,weixin,Non,10019
False,weixin,Non,10020
False,weixin,Non,10021
False,android,Non,10022
False,weixin,Non,10027
False,weixin,Non,10029
False,weixin,Non,10030
False,weixin,Non,10031
False,weixin,Non,10032
False,weixin,Non,10034
False,weixin,Non,10036
False,weixin,Non,10037
False,weixin,Non,10038
False,weixin,Non,10039
False,weixin,Non,10041
False,weixin,Non,10042
False,weixin,Non,10044
True,android,weixin,10045
False,weixin,Non,10046
False,weixin,Non,10048
False,weixin,Non,10049
False,weixin,Non,10050
False,weixin,Non,10051
False,weixin,Non,10052
False,weixin,Non,10054
False,weixin,Non,10055
False,weixin,Non,10056
False,weixin,Non,10057
False,weixin,Non,10059
False,weixin,Non,10060
False,weixin,Non,10061
False,weixin,Non,10062
False,weixin,Non,10065
False,weixin,Non,10066
False,android,Non,10068
False,weixin,Non,10069
True,android,weixin,10070
False,android,Non,10071
False,weixin,Non,10073
False,android,Non,10074
False,weixin,Non,10075
False,weixin,Non,10076
False,weixin,Non,10079
False,weixin,Non,10080
False,weixin,Non,10081
False,weixin,Non,10084
False,android,Non,10085
False,weixin,Non,10087
False,weixin,Non,10088
False,weixin,Non,10089
False,weixin,Non,10090
False,weixin,Non,10092
False,weixin,Non,10098
False,android,Non,10099
False,weixin,Non,10100
False,weixin,Non,10101
False,weixin,Non,10103
False,weixin,Non,10105
False,weixin,Non,10107
False,weixin,Non,10108
False,weixin,Non,10109
False,ios,Non,10110
False,weixin,Non,10114
False,android,Non,10116
True,ios,weixin,10117
False,weixin,Non,10118
True,android,weixin,10120
False,weixin,Non,10121
False,weixin,Non,10122
False,weixin,Non,10123
False,weixin,Non,10124
False,weixin,Non,10126
False,weixin,Non,10128
False,weixin,Non,10130
False,weixin,Non,10133
False,weixin,Non,10134
False,weixin,Non,10138
False,weixin,Non,10140
False,weixin,Non,10141
False,weixin,Non,10143
False,weixin,Non,10145
False,weixin,Non,10148
False,weixin,Non,10150
False,weixin,Non,10151
False,weixin,Non,10153
False,weixin,Non,10157
False,weixin,Non,10158
False,weixin,Non,10163
False,android,Non,10165
False,weixin,Non,10166
False,weixin,Non,10168
False,weixin,Non,10169
True,android,weixin,10170
False,weixin,Non,10171
False,weixin,Non,10173
False,weixin,Non,10181
False,weixin,Non,10182
False,weixin,Non,10183
False,weixin,Non,10185
False,weixin,Non,10186
False,weixin,Non,10189
False,weixin,Non,10191
False,weixin,Non,10192
False,weixin,Non,10193
False,weixin,Non,10194
False,weixin,Non,10196
False,weixin,Non,10199
False,weixin,Non,10200
False,weixin,Non,10201
False,weixin,Non,10203
False,weixin,Non,10204
False,weixin,Non,10205
False,weixin,Non,10206
False,weixin,Non,10207
False,weixin,Non,10208
False,weixin,Non,10211
True,android,weixin,10212
False,weixin,Non,10213
False,android,Non,10214
False,weixin,Non,10217
False,weixin,Non,10225
False,weixin,Non,10226
True,android,weixin,10227
False,android,Non,10229
False,weixin,Non,10231
False,weixin,Non,10232
False,weixin,Non,10233
False,weixin,Non,10235
False,weixin,Non,10236
False,weixin,Non,10238
False,weixin,Non,10241
False,weixin,Non,10242
False,weixin,Non,10243
True,android,weixin,10246
False,weixin,Non,10248
False,weixin,Non,10250
False,weixin,Non,10251
False,weixin,Non,10252
False,weixin,Non,10253
False,weixin,Non,10255
False,weixin,Non,10256
True,android,weixin,10257
False,weixin,Non,10258
False,weixin,Non,10259
False,weixin,Non,10260
False,weixin,Non,10262
False,weixin,Non,10263
False,weixin,Non,10264
False,weixin,Non,10265
False,android,Non,10267
False,weixin,Non,10268
False,weixin,Non,10269
False,weixin,Non,10273
False,weixin,Non,10276
False,weixin,Non,10277
False,weixin,Non,10278
False,weixin,Non,10279
False,weixin,Non,10282
False,weixin,Non,10284
False,weixin,Non,10287
False,weixin,Non,10289
True,android,weixin,10290
False,ios,Non,10291
False,weixin,Non,10298
False,weixin,Non,10299
False,weixin,Non,10303
False,weixin,Non,10304
False,weixin,Non,10305
False,weixin,Non,10306
False,weixin,Non,10307
False,weixin,Non,10308
False,weixin,Non,10309
False,weixin,Non,10312
False,weixin,Non,10313
False,weixin,Non,10316
False,weixin,Non,10317
False,weixin,Non,10318
False,weixin,Non,10319
False,weixin,Non,10320
False,weixin,Non,10321
False,weixin,Non,10322
False,weixin,Non,10324
True,android,weixin,10325
False,weixin,Non,10326
False,weixin,Non,10327
False,weixin,Non,10328
False,weixin,Non,10329
False,weixin,Non,10330
False,weixin,Non,10331
False,weixin,Non,10333
False,weixin,Non,10334
False,weixin,Non,10336
False,weixin,Non,10337
False,weixin,Non,10339
False,ios,Non,10340
False,weixin,Non,10342
False,ios,Non,10344
False,weixin,Non,10346
False,weixin,Non,10347
False,weixin,Non,10348
False,weixin,Non,10350
False,android,Non,10351
False,weixin,Non,10353
False,weixin,Non,10355
False,ios,Non,10356
False,weixin,Non,10358
False,weixin,Non,10359
False,weixin,Non,10360
False,weixin,Non,10362
False,weixin,Non,10363
False,weixin,Non,10364
False,weixin,Non,10367
False,weixin,Non,10369
False,weixin,Non,10370
True,ios,weixin,10372
False,android,Non,10373
False,weixin,Non,10374
False,weixin,Non,10375
True,android,weixin,10376
False,weixin,Non,10377
False,weixin,Non,10378
False,weixin,Non,10380
False,weixin,Non,10381
False,weixin,Non,10384
False,weixin,Non,10386
False,weixin,Non,10387
False,weixin,Non,10388
False,weixin,Non,10390
True,android,weixin,10393
False,weixin,Non,10394
False,weixin,Non,10395
False,android,Non,10396
False,android,Non,10397
False,ios,Non,10398
False,weixin,Non,10399
True,android,weixin,10400
False,weixin,Non,10402
False,weixin,Non,10405
True,android,weixin,10406
True,android,weixin,10407
False,weixin,Non,10408
False,weixin,Non,10409
False,weixin,Non,10410
False,android,Non,10414
False,weixin,Non,10415
False,ios,Non,10416
False,android,Non,10417
False,weixin,Non,10419
False,weixin,Non,10420
False,weixin,Non,10422
False,weixin,Non,10423
False,android,Non,10425
False,weixin,Non,10429
False,weixin,Non,10430
True,android,weixin,10432
False,weixin,Non,10434
False,weixin,Non,10435
False,weixin,Non,10437
False,weixin,Non,10438
False,weixin,Non,10440
False,weixin,Non,10441
False,android,Non,10443
False,weixin,Non,10444
True,android,weixin,10449
False,weixin,Non,10450
False,weixin,Non,10451
False,weixin,Non,10452
False,weixin,Non,10453
False,weixin,Non,10454
False,weixin,Non,10461
False,android,Non,10462
False,weixin,Non,10465
False,weixin,Non,10466
False,weixin,Non,10468
False,weixin,Non,10471
True,android,weixin,10472
False,weixin,Non,10475
False,android,Non,10476
False,weixin,Non,10477
False,weixin,Non,10479
False,weixin,Non,10486
False,weixin,Non,10487
False,weixin,Non,10488
False,weixin,Non,10489
False,weixin,Non,10490
False,weixin,Non,10493
False,weixin,Non,10497
False,weixin,Non,10500
False,weixin,Non,10501
False,weixin,Non,10503
False,weixin,Non,10504
False,weixin,Non,10505
False,weixin,Non,10506
False,weixin,Non,10508
False,weixin,Non,10509
False,weixin,Non,10510
False,weixin,Non,10511
False,ios,Non,10513
False,weixin,Non,10515
False,weixin,Non,10517
False,weixin,Non,10521
False,weixin,Non,10522
False,weixin,Non,10524
False,weixin,Non,10525
False,weixin,Non,10528
False,weixin,Non,10533
False,weixin,Non,10535
False,weixin,Non,10536
False,weixin,Non,10537
False,weixin,Non,10539
False,weixin,Non,10541
False,weixin,Non,10542
False,weixin,Non,10543
False,weixin,Non,10544
False,weixin,Non,10545
True,ios,weixin,10546
False,weixin,Non,10548
False,weixin,Non,10549
False,weixin,Non,10550
False,weixin,Non,10551
False,weixin,Non,10552
True,android,weixin,10554
False,weixin,Non,10555
False,ios,Non,10557
True,ios,weixin,10559
False,weixin,Non,10562
False,weixin,Non,10564
False,weixin,Non,10566
False,android,Non,10567
False,weixin,Non,10568
False,weixin,Non,10570
False,weixin,Non,10571
False,weixin,Non,10572
False,weixin,Non,10573
False,weixin,Non,10574
False,weixin,Non,10575
True,ios,weixin,10576
False,weixin,Non,10577
True,android,weixin,10578
False,weixin,Non,10582
False,weixin,Non,10583
False,weixin,Non,10584
False,weixin,Non,10585
False,weixin,Non,10587
False,weixin,Non,10588
False,weixin,Non,10591
False,weixin,Non,10593
False,weixin,Non,10594
False,weixin,Non,10595
False,ios,Non,10596
False,weixin,Non,10597
False,ios,Non,10598
False,weixin,Non,10601
False,weixin,Non,10602
True,ios,weixin,10603
False,weixin,Non,10604
False,weixin,Non,10607
False,weixin,Non,10608
False,weixin,Non,10611
True,android,weixin,10612
False,weixin,Non,10613
False,weixin,Non,10614
False,weixin,Non,10615
False,weixin,Non,10616
False,weixin,Non,10617
False,android,Non,10618
True,android,weixin,10619
False,weixin,Non,10620
True,ios,weixin,10622
False,weixin,Non,10623
False,weixin,Non,10624
False,weixin,Non,10625
False,weixin,Non,10626
False,weixin,Non,10627
False,weixin,Non,10628
False,weixin,Non,10629
False,weixin,Non,10634
False,android,Non,10635
True,android,weixin,10636
False,weixin,Non,10640
False,weixin,Non,10641
False,weixin,Non,10642
False,weixin,Non,10643
False,weixin,Non,10644
False,weixin,Non,10645
False,weixin,Non,10646
False,ios,Non,10649
False,android,Non,10652
False,weixin,Non,10653
False,android,Non,10655
False,weixin,Non,10656
False,weixin,Non,10657
False,weixin,Non,10658
False,android,Non,10663
False,weixin,Non,10664
False,weixin,Non,10666
False,weixin,Non,10668
False,weixin,Non,10669
False,weixin,Non,10671
False,weixin,Non,10675
False,weixin,Non,10676
False,weixin,Non,10678
False,weixin,Non,10679
False,weixin,Non,10680
False,weixin,Non,10681
False,weixin,Non,10682
False,weixin,Non,10684
False,weixin,Non,10688
False,weixin,Non,10689
False,weixin,Non,10692
False,weixin,Non,10693
False,weixin,Non,10694
False,weixin,Non,10697
False,weixin,Non,10698
False,weixin,Non,10699
True,android,weixin,10702
False,weixin,Non,10704
False,weixin,Non,10708
False,weixin,Non,10709
False,weixin,Non,10710
False,weixin,Non,10711
False,weixin,Non,10714
False,android,Non,10719
False,weixin,Non,10721
False,android,Non,10722
False,weixin,Non,10725
False,weixin,Non,10726
False,weixin,Non,10727
False,weixin,Non,10728
False,weixin,Non,10730
False,weixin,Non,10732
False,weixin,Non,10733
False,weixin,Non,10734
False,weixin,Non,10735
False,weixin,Non,10738
False,weixin,Non,10739
True,ios,weixin,10741
False,weixin,Non,10742
False,weixin,Non,10743
False,weixin,Non,10747
True,android,weixin,10749
False,ios,Non,10750
True,android,weixin,10751
False,weixin,Non,10752
False,weixin,Non,10757
True,ios,weixin,10758
False,weixin,Non,10759
False,weixin,Non,10761
False,weixin,Non,10763
True,android,weixin,10764
False,weixin,Non,10765
False,weixin,Non,10766
False,weixin,Non,10767
False,weixin,Non,10768
False,weixin,Non,10770
False,weixin,Non,10771
False,weixin,Non,10772
False,weixin,Non,10773
False,weixin,Non,10776
False,weixin,Non,10777
True,ios,weixin,10778
False,weixin,Non,10779
False,weixin,Non,10780
False,android,Non,10781
False,weixin,Non,10784
False,weixin,Non,10785
False,weixin,Non,10786
False,weixin,Non,10787
False,weixin,Non,10788
False,weixin,Non,10789
False,weixin,Non,10790
False,weixin,Non,10791
False,weixin,Non,10792
True,android,weixin,10793
False,weixin,Non,10795
False,weixin,Non,10797
False,weixin,Non,10799
False,weixin,Non,10802
False,weixin,Non,10804
False,android,Non,10809
False,ios,Non,10810
False,weixin,Non,10814
False,weixin,Non,10815
True,android,weixin,10816
False,weixin,Non,10817
False,weixin,Non,10819
False,weixin,Non,10820
False,weixin,Non,10822
False,weixin,Non,10824
False,weixin,Non,10825
True,android,weixin,10826
False,weixin,Non,10828
False,weixin,Non,10829
False,weixin,Non,10830
False,ios,Non,10831
False,weixin,Non,10838
False,weixin,Non,10839
False,ios,Non,10841
False,weixin,Non,10842
False,weixin,Non,10844
False,weixin,Non,10853
False,weixin,Non,10854
False,weixin,Non,10855
False,weixin,Non,10856
False,weixin,Non,10858
True,android,weixin,10859
False,weixin,Non,10860
False,weixin,Non,10861
False,weixin,Non,10864
False,weixin,Non,10865
False,weixin,Non,10868
False,weixin,Non,10870
False,weixin,Non,10871
True,android,weixin,10872
False,weixin,Non,10873
False,weixin,Non,10874
False,weixin,Non,10875
False,ios,Non,10877
False,weixin,Non,10878
False,weixin,Non,10883
False,weixin,Non,10886
False,weixin,Non,10887
False,android,Non,10888
True,android,weixin,10889
False,weixin,Non,10890
False,weixin,Non,10893
False,weixin,Non,10894
False,weixin,Non,10895
False,android,Non,10896
False,weixin,Non,10897
False,weixin,Non,10898
False,ios,Non,10900
False,weixin,Non,10901
True,android,weixin,10905
False,weixin,Non,10906
False,weixin,Non,10907
False,weixin,Non,10914
False,weixin,Non,10915
False,weixin,Non,10916
True,android,weixin,10919
False,weixin,Non,10920
True,android,weixin,10922
False,weixin,Non,10923
False,weixin,Non,10925
False,weixin,Non,10926
False,weixin,Non,10927
False,android,Non,10928
True,android,weixin,10933
False,weixin,Non,10934
False,weixin,Non,10935
False,weixin,Non,10937
False,weixin,Non,10939
False,weixin,Non,10940
False,weixin,Non,10941
False,weixin,Non,10942
False,weixin,Non,10943
False,weixin,Non,10944
False,weixin,Non,10945
False,weixin,Non,10946
False,android,Non,10947
False,weixin,Non,10948
False,ios,Non,10949
False,weixin,Non,10950
False,weixin,Non,10951
False,weixin,Non,10952
False,ios,Non,10954
False,weixin,Non,10957
False,ios,Non,10962
False,weixin,Non,10964
False,android,Non,10966
False,android,Non,10968
False,weixin,Non,10970
False,weixin,Non,10971
True,android,weixin,10972
False,weixin,Non,10973
False,weixin,Non,10975
True,ios,weixin,10977
False,weixin,Non,10980
False,weixin,Non,10981
False,weixin,Non,10982
False,weixin,Non,10983
False,weixin,Non,10984
False,weixin,Non,10985
False,weixin,Non,10986
True,android,weixin,10987
False,weixin,Non,10988
True,android,weixin,10991
False,weixin,Non,10992
False,weixin,Non,10993
False,android,Non,10995
False,weixin,Non,10997
False,weixin,Non,11002
False,weixin,Non,11006
False,weixin,Non,11009
False,weixin,Non,11011
False,weixin,Non,11012
True,android,weixin,11013
False,weixin,Non,11014
False,weixin,Non,11016
False,weixin,Non,11022
False,weixin,Non,11025
False,weixin,Non,11026
False,weixin,Non,11027
False,weixin,Non,11028
False,weixin,Non,11029
True,android,weixin,11031
False,weixin,Non,11034
False,weixin,Non,11036
False,weixin,Non,11038
False,weixin,Non,11039
False,weixin,Non,11040
False,weixin,Non,11041
False,ios,Non,11042
False,weixin,Non,11043
False,weixin,Non,11044
False,weixin,Non,11046
False,weixin,Non,11047
False,weixin,Non,11051
False,weixin,Non,11052
True,android,ios,11054
False,android,Non,11056
False,weixin,Non,11060
True,android,weixin,11063
False,android,Non,11064
False,android,Non,11065
False,weixin,Non,11069
True,android,weixin,11070
False,weixin,Non,11073
False,android,Non,11076
False,weixin,Non,11080
False,weixin,Non,11081
False,weixin,Non,11083
False,android,Non,11085
False,weixin,Non,11087
True,ios,weixin,11088
False,weixin,Non,11089
False,weixin,Non,11090
True,android,ios,11091
False,weixin,Non,11094
False,weixin,Non,11095
False,weixin,Non,11100
False,weixin,Non,11102
False,android,Non,11103
False,weixin,Non,11104
False,weixin,Non,11109
False,android,Non,11110
False,weixin,Non,11114
False,weixin,Non,11115
False,weixin,Non,11116
False,ios,Non,11121
False,weixin,Non,11124
False,weixin,Non,11129
False,weixin,Non,11136
False,weixin,Non,11137
False,android,Non,11139
False,weixin,Non,11140
False,ios,Non,11142
False,weixin,Non,11144
False,weixin,Non,11148
False,android,Non,11149
False,weixin,Non,11156
False,weixin,Non,11159
False,weixin,Non,11160
False,weixin,Non,11162
False,ios,Non,11163
False,weixin,Non,11164
False,weixin,Non,11167
False,weixin,Non,11168
False,weixin,Non,11170
True,android,weixin,11174
False,weixin,Non,11178
False,android,Non,11180
False,weixin,Non,11182
False,weixin,Non,11184
False,weixin,Non,11185
False,weixin,Non,11186
False,weixin,Non,11188
False,weixin,Non,11189
False,weixin,Non,11190
True,ios,weixin,11191
False,android,Non,11193
False,weixin,Non,11196
False,ios,Non,11198
False,weixin,Non,11203
False,weixin,Non,11204
False,weixin,Non,11205
False,weixin,Non,11207
False,android,Non,11208
False,weixin,Non,11213
False,weixin,Non,11219
False,weixin,Non,11220
False,weixin,Non,11221
False,weixin,Non,11222
False,weixin,Non,11225
False,weixin,Non,11229
False,weixin,Non,11230
False,weixin,Non,11231
False,ios,Non,11232
False,ios,Non,11234
False,weixin,Non,11237
False,android,Non,11238
False,weixin,Non,11239
False,weixin,Non,11243
False,weixin,Non,11244
False,weixin,Non,11245
False,weixin,Non,11246
False,ios,Non,11247
False,weixin,Non,11254
False,weixin,Non,11256
False,weixin,Non,11258
True,android,weixin,11261
False,weixin,Non,11262
False,weixin,Non,11269
False,android,Non,11270
False,weixin,Non,11271
False,weixin,Non,11273
False,weixin,Non,11274
False,weixin,Non,11278
False,weixin,Non,11283
False,weixin,Non,11286
False,weixin,Non,11287
False,android,Non,11288
True,ios,weixin,11289
False,ios,Non,11290
False,android,Non,11292
False,weixin,Non,11293
False,weixin,Non,11294
False,weixin,Non,11295
False,weixin,Non,11297
False,ios,Non,11298
False,weixin,Non,11300
False,weixin,Non,11301
False,weixin,Non,11302
False,weixin,Non,11303
False,android,Non,11304
False,weixin,Non,11305
False,weixin,Non,11307
False,weixin,Non,11308
False,ios,Non,11309
False,weixin,Non,11311
False,weixin,Non,11312
False,weixin,Non,11313
False,weixin,Non,11318
False,weixin,Non,11321
False,weixin,Non,11323
False,weixin,Non,11327
False,weixin,Non,11332
True,android,weixin,11334
False,weixin,Non,11336
False,weixin,Non,11339
True,android,weixin,11342
False,weixin,Non,11343
False,weixin,Non,11350
False,android,Non,11353
False,weixin,Non,11355
False,weixin,Non,11356
False,android,Non,11357
False,weixin,Non,11361
False,weixin,Non,11362
False,android,Non,11364
False,ios,Non,11365
False,weixin,Non,11367
False,weixin,Non,11368
False,weixin,Non,11370
False,weixin,Non,11373
False,weixin,Non,11375
False,weixin,Non,11376
False,weixin,Non,11378
False,ios,Non,11384
False,weixin,Non,11387
False,ios,Non,11391
False,weixin,Non,11393
True,android,weixin,11396
False,android,Non,11400
False,weixin,Non,11402
False,weixin,Non,11403
False,android,Non,11404
False,android,Non,11406
False,ios,Non,11408
False,weixin,Non,11413
False,weixin,Non,11415
False,ios,Non,11417
False,weixin,Non,11419
False,ios,Non,11421
False,weixin,Non,11424
False,weixin,Non,11427
False,weixin,Non,11429
False,weixin,Non,11430
False,weixin,Non,11434
False,weixin,Non,11436
False,weixin,Non,11438
False,ios,Non,11439
False,weixin,Non,11448
False,ios,Non,11449
False,weixin,Non,11451
False,weixin,Non,11453
False,weixin,Non,11455
False,android,Non,11460
False,ios,Non,11463
False,ios,Non,11464
False,weixin,Non,11469
False,weixin,Non,11474
False,android,Non,11479
False,weixin,Non,11482
False,weixin,Non,11483
False,ios,Non,11484
False,weixin,Non,11485
False,weixin,Non,11486
False,android,Non,11487
True,android,weixin,11489
False,android,Non,11490
False,weixin,Non,11493
False,weixin,Non,11495
False,android,Non,11499
False,ios,Non,11504
False,weixin,Non,11505
False,weixin,Non,11515
False,weixin,Non,11516
False,weixin,Non,11517
False,weixin,Non,11518
False,ios,Non,11519
False,weixin,Non,11520
True,android,weixin,11521
False,ios,Non,11522
False,android,Non,11523
False,weixin,Non,11524
True,ios,weixin,11525
False,android,Non,11526
False,weixin,Non,11531
False,weixin,Non,11534
False,ios,Non,11535
False,ios,Non,11538
False,android,Non,11541
False,ios,Non,11543
False,weixin,Non,11546
False,android,Non,11549
False,weixin,Non,11550
True,ios,weixin,11551
False,weixin,Non,11555
False,weixin,Non,11557
False,weixin,Non,11558
False,weixin,Non,11567
False,weixin,Non,11569
False,android,Non,11570
False,weixin,Non,11571
False,weixin,Non,11574
True,android,weixin,11578
False,weixin,Non,11582
False,weixin,Non,11584
False,weixin,Non,11586
False,weixin,Non,11590
False,weixin,Non,11592
False,weixin,Non,11597
True,android,weixin,11600
True,android,weixin,11602
True,ios,weixin,11607
False,android,Non,11611
True,ios,weixin,11612
False,weixin,Non,11613
False,weixin,Non,11615
True,ios,weixin,11618
False,ios,Non,11619
False,weixin,Non,11621
False,ios,Non,11628
False,weixin,Non,11629
False,weixin,Non,11631
False,weixin,Non,11633
False,weixin,Non,11638
False,weixin,Non,11641
False,android,Non,11653
False,android,Non,11654
False,weixin,Non,11658
False,weixin,Non,11661
False,weixin,Non,11665
False,weixin,Non,11666
True,android,weixin,11668
False,android,Non,11671
False,weixin,Non,11672
False,weixin,Non,11673
False,ios,Non,11677
False,weixin,Non,11680
False,ios,Non,11682
False,android,Non,11683
False,weixin,Non,11684
False,weixin,Non,11686
False,android,Non,11690
False,android,Non,11691
False,ios,Non,11697
False,android,Non,11708
False,weixin,Non,11711
False,weixin,Non,11712
False,weixin,Non,11713
False,android,Non,11715
False,android,Non,11717
False,weixin,Non,11718
False,weixin,Non,11719
False,android,Non,11720
False,weixin,Non,11721
False,weixin,Non,11723
False,weixin,Non,11724
False,weixin,Non,11725
False,weixin,Non,11726
False,weixin,Non,11727
True,android,weixin,11730
False,weixin,Non,11731
False,weixin,Non,11736
False,weixin,Non,11738
False,weixin,Non,11742
False,weixin,Non,11748
False,weixin,Non,11749
False,ios,Non,11750
False,weixin,Non,11752
False,weixin,Non,11755
False,weixin,Non,11756
False,weixin,Non,11757
True,android,weixin,11759
False,weixin,Non,11767
True,android,weixin,11769
False,weixin,Non,11770
False,weixin,Non,11771
False,weixin,Non,11775
False,android,Non,11777
False,android,Non,11778
False,weixin,Non,11780
False,weixin,Non,11781
False,android,Non,11783
True,android,weixin,11786
False,weixin,Non,11787
False,weixin,Non,11791
False,weixin,Non,11793
False,weixin,Non,11795
False,ios,Non,11797
False,weixin,Non,11804
False,weixin,Non,11807
False,android,Non,11808
True,android,weixin,11814
False,weixin,Non,11816
False,weixin,Non,11817
False,ios,Non,11824
False,weixin,Non,11825
False,weixin,Non,11827
False,weixin,Non,11829
False,weixin,Non,11830
False,weixin,Non,11833
False,weixin,Non,11837
False,weixin,Non,11839
False,android,Non,11840
False,weixin,Non,11841
False,weixin,Non,11843
False,android,Non,11849
False,weixin,Non,11851
True,ios,weixin,11852
False,weixin,Non,11853
False,weixin,Non,11855
False,weixin,Non,11857
False,weixin,Non,11859
False,weixin,Non,11861
False,weixin,Non,11863
False,weixin,Non,11864
False,weixin,Non,11865
True,android,weixin,11866
False,weixin,Non,11867
True,ios,weixin,11868
False,weixin,Non,11871
False,weixin,Non,11878
True,ios,weixin,11881
True,android,weixin,11883
False,weixin,Non,11886
False,weixin,Non,11888
False,weixin,Non,11890
False,android,Non,11891
True,android,weixin,11892
False,android,Non,11893
False,weixin,Non,11894
False,weixin,Non,11896
False,weixin,Non,11900
False,ios,Non,11902
False,weixin,Non,11906
False,android,Non,11909
False,weixin,Non,11911
False,weixin,Non,11915
False,weixin,Non,11917
False,weixin,Non,11918
False,weixin,Non,11921
False,ios,Non,11929
False,weixin,Non,11936
False,android,Non,11938
True,android,weixin,11943
True,ios,weixin,11951
False,weixin,Non,11952
False,weixin,Non,11955
False,weixin,Non,11966
False,weixin,Non,11968
False,weixin,Non,11969
False,weixin,Non,11971
False,weixin,Non,11977
False,weixin,Non,11978
False,weixin,Non,11980
False,weixin,Non,11981
False,weixin,Non,11982
False,weixin,Non,11984
False,weixin,Non,11987
False,ios,Non,11988
False,android,Non,11989
False,weixin,Non,11991
False,weixin,Non,11995
False,android,Non,11997
False,android,Non,11998
True,android,weixin,12005
False,ios,Non,12011
False,weixin,Non,12012
False,android,Non,12013
False,weixin,Non,12016
False,weixin,Non,12019
False,weixin,Non,12022
False,android,Non,12023
False,ios,Non,12030
False,weixin,Non,12031
False,weixin,Non,12033
False,weixin,Non,12034
False,weixin,Non,12035
False,weixin,Non,12044
False,weixin,Non,12046
False,weixin,Non,12050
False,weixin,Non,12053
False,weixin,Non,12057
False,android,Non,12061
False,weixin,Non,12063
False,weixin,Non,12067
False,weixin,Non,12069
False,ios,Non,12071
False,weixin,Non,12074
False,weixin,Non,12085
False,weixin,Non,12097
False,ios,Non,12098
False,weixin,Non,12100
False,android,Non,12101
False,weixin,Non,12102
True,android,weixin,12104
False,android,Non,12110
False,weixin,Non,12111
False,weixin,Non,12117
False,weixin,Non,12128
False,ios,Non,12131
False,ios,Non,12132
False,weixin,Non,12140
False,android,Non,12143
False,weixin,Non,12145
False,weixin,Non,12164
False,weixin,Non,12165
False,android,Non,12166
False,weixin,Non,12167
False,ios,Non,12169
False,weixin,Non,12170
False,weixin,Non,12172
False,weixin,Non,12174
False,weixin,Non,12178
False,weixin,Non,12179
False,android,Non,12180
False,weixin,Non,12185
False,android,Non,12186
False,ios,Non,12190
False,weixin,Non,12192
False,weixin,Non,12208
False,weixin,Non,12210
False,weixin,Non,12211
True,android,weixin,12212
False,ios,Non,12214
False,weixin,Non,12221
False,ios,Non,12223
False,android,Non,12224
False,weixin,Non,12226
False,weixin,Non,12232
False,android,Non,12234
False,weixin,Non,12237
False,weixin,Non,12242
False,weixin,Non,12248
False,android,Non,12249
False,ios,Non,12251
False,weixin,Non,12254
False,ios,Non,12257
False,ios,Non,12259
False,ios,Non,12260
False,android,Non,12269
False,ios,Non,12270
False,weixin,Non,12274
False,weixin,Non,12277
False,ios,Non,12279
True,android,weixin,12281
True,android,weixin,12283
False,weixin,Non,12287
False,weixin,Non,12294
False,weixin,Non,12297
False,weixin,Non,12303
False,weixin,Non,12307
False,weixin,Non,12308
True,ios,weixin,12338
False,weixin,Non,12344
False,android,Non,12347
False,android,Non,12356
False,weixin,Non,12365
False,weixin,Non,12367
False,android,Non,12368
False,weixin,Non,12380
False,ios,Non,12385
False,weixin,Non,12391
False,android,Non,12402
False,weixin,Non,12403
False,weixin,Non,12406
False,weixin,Non,12409
False,weixin,Non,12410
False,weixin,Non,12413
False,weixin,Non,12415
False,android,Non,12417
True,android,weixin,12421
False,android,Non,12424
False,android,Non,12426
True,android,weixin,12428
False,weixin,Non,12432
False,ios,Non,12435
False,weixin,Non,12446
False,android,Non,12453
False,weixin,Non,12463
False,weixin,Non,12468
False,android,Non,12473
False,weixin,Non,12474
False,weixin,Non,12478
False,weixin,Non,12482
False,weixin,Non,12485
False,android,Non,12487
False,ios,Non,12490
True,android,weixin,12491
False,weixin,Non,12492
False,weixin,Non,12495
False,weixin,Non,12497
False,android,Non,12502
False,weixin,Non,12503
False,weixin,Non,12508
False,android,Non,12510
False,weixin,Non,12514
False,weixin,Non,12516
False,weixin,Non,12517
False,android,Non,12524
False,weixin,Non,12527
False,weixin,Non,12528
False,ios,Non,12537
False,weixin,Non,12538
False,android,Non,12540
False,weixin,Non,12543
False,weixin,Non,12555
False,weixin,Non,12559
True,android,weixin,12560
False,android,Non,12561
False,weixin,Non,12572
False,weixin,Non,12573
False,weixin,Non,12585
False,weixin,Non,12587
False,weixin,Non,12589
False,weixin,Non,12590
False,ios,Non,12591
False,weixin,Non,12592
False,android,Non,12596
False,weixin,Non,12598
False,weixin,Non,12599
False,weixin,Non,12600
False,weixin,Non,12602
False,weixin,Non,12603
False,weixin,Non,12604
False,weixin,Non,12605
False,weixin,Non,12606
False,android,Non,12611
False,weixin,Non,12612
False,android,Non,12614
False,weixin,Non,12622
False,weixin,Non,12623
False,weixin,Non,12636
False,ios,Non,12643
False,ios,Non,12645
False,weixin,Non,12650
False,weixin,Non,12652
False,weixin,Non,12653
False,weixin,Non,12655
False,weixin,Non,12656
False,weixin,Non,12657
False,weixin,Non,12659
False,weixin,Non,12660
False,weixin,Non,12661
False,weixin,Non,12662
False,weixin,Non,12665
False,weixin,Non,12668
False,android,Non,12670
False,weixin,Non,12671
False,weixin,Non,12673
False,android,Non,12676
True,android,weixin,12677
False,weixin,Non,12678
False,weixin,Non,12679
False,weixin,Non,12680
True,android,weixin,12681
False,weixin,Non,12689
False,weixin,Non,12696
False,ios,Non,12707
False,android,Non,12710
False,android,Non,12711
False,weixin,Non,12713
False,android,Non,12715
False,weixin,Non,12718
False,weixin,Non,12734
False,weixin,Non,12737
False,weixin,Non,12740
False,weixin,Non,12741
False,weixin,Non,12742
False,weixin,Non,12744
False,weixin,Non,12745
False,weixin,Non,12746
False,weixin,Non,12747
False,weixin,Non,12748
False,weixin,Non,12749
False,weixin,Non,12750
False,ios,Non,12751
False,weixin,Non,12752
False,weixin,Non,12753
False,weixin,Non,12755
False,weixin,Non,12756
False,weixin,Non,12757
False,weixin,Non,12759
False,weixin,Non,12760
False,weixin,Non,12763
False,weixin,Non,12765
False,weixin,Non,12767
True,ios,weixin,12773
False,weixin,Non,12775
False,weixin,Non,12776
False,weixin,Non,12784
False,weixin,Non,12797
False,weixin,Non,12800
False,weixin,Non,12802
False,android,Non,12803
False,weixin,Non,12804
False,weixin,Non,12805
True,android,weixin,12806
False,weixin,Non,12809
False,weixin,Non,12810
False,weixin,Non,12816
False,weixin,Non,12822
False,weixin,Non,12823
False,weixin,Non,12825
False,weixin,Non,12826
False,weixin,Non,12841
False,weixin,Non,12842
False,weixin,Non,12845
False,weixin,Non,12850
False,weixin,Non,12855
False,weixin,Non,12859
False,weixin,Non,12860
False,weixin,Non,12863
False,weixin,Non,12865
False,weixin,Non,12866
False,weixin,Non,12867
False,weixin,Non,12868
False,android,Non,12871
False,weixin,Non,12873
False,weixin,Non,12875
False,weixin,Non,12877
False,weixin,Non,12878
False,weixin,Non,12881
False,weixin,Non,12882
False,android,Non,12883
False,weixin,Non,12886
False,weixin,Non,12887
False,weixin,Non,12888
False,weixin,Non,12890
False,weixin,Non,12892
False,weixin,Non,12907
False,weixin,Non,12910
False,android,Non,12912
False,weixin,Non,12914
False,weixin,Non,12918
False,weixin,Non,12923
False,weixin,Non,12931
False,weixin,Non,12932
False,weixin,Non,12950
False,weixin,Non,12952
False,ios,Non,12954
False,weixin,Non,12957
False,weixin,Non,12965
False,android,Non,12966
False,weixin,Non,12969
False,weixin,Non,12970
False,weixin,Non,12974
False,android,Non,12976
False,weixin,Non,12977
False,weixin,Non,12980
False,weixin,Non,12982
False,weixin,Non,12983
False,ios,Non,12985
False,weixin,Non,12986
False,weixin,Non,12993
False,android,Non,13000
False,weixin,Non,13001
False,weixin,Non,13011
False,weixin,Non,13016
