android,change,first_platform,ios,last_platform,state,userid,weixin
51,True,ios,2,ios,normal,14,0
0,False,ios,3,ios,normal,15,0
0,False,weixin,0,None,normal,19,1
0,False,ios,1,None,normal,28,0
2,False,android,0,android,normal,43,0
0,False,weixin,0,weixin,normal,45,2
2,True,android,0,weixin,new,50,1
0,False,weixin,0,None,normal,88,1
0,True,ios,10,weixin,normal,91,4
0,False,weixin,0,None,normal,92,1
0,False,weixin,0,weixin,normal,97,6
0,False,weixin,0,weixin,normal,100,6
0,False,weixin,0,weixin,normal,116,123
0,False,weixin,0,weixin,normal,122,10
0,False,weixin,0,weixin,new,127,2
0,False,weixin,0,weixin,normal,128,86
0,False,weixin,0,weixin,normal,130,25
2,False,android,0,android,normal,131,0
0,False,weixin,0,weixin,normal,136,25
2,True,weixin,0,weixin,normal,147,11
0,False,weixin,0,weixin,normal,154,4
0,False,weixin,0,None,normal,157,1
0,False,weixin,0,weixin,normal,159,3
0,False,weixin,0,weixin,new,160,4
0,False,weixin,0,weixin,new,170,2
0,False,weixin,0,weixin,normal,173,64
0,False,weixin,0,weixin,normal,174,4
0,False,weixin,0,weixin,normal,176,2
0,False,weixin,0,weixin,normal,180,3
0,False,weixin,0,weixin,normal,182,5
0,False,weixin,0,weixin,normal,187,13
0,False,ios,8,ios,new,188,0
0,False,weixin,0,weixin,new,195,9
0,False,weixin,0,weixin,normal,209,3
0,False,weixin,0,weixin,normal,221,6
12,True,android,0,android,normal,245,7
2,True,android,0,weixin,normal,283,13
0,False,weixin,0,weixin,new,289,2
0,True,ios,3,weixin,new,298,4
0,False,weixin,0,None,new,310,1
0,False,weixin,0,None,new,313,1
0,False,ios,5,ios,new,316,0
0,False,weixin,0,weixin,normal,325,2
0,True,weixin,2,ios,normal,326,7
0,False,weixin,0,None,normal,330,1
2,True,weixin,0,weixin,normal,342,11
0,False,weixin,0,weixin,normal,343,3
0,False,weixin,0,weixin,normal,348,8
0,False,weixin,0,None,normal,354,1
0,False,weixin,0,weixin,normal,355,8
0,True,ios,8,ios,new,356,1
7,True,android,10,weixin,normal,357,6
0,False,weixin,0,weixin,new,361,3
0,False,ios,5,ios,normal,363,0
0,False,weixin,0,None,normal,365,1
0,False,weixin,0,weixin,normal,369,14
0,False,weixin,0,weixin,normal,374,12
0,False,weixin,0,weixin,new,375,2
2,True,weixin,0,android,normal,377,9
0,False,weixin,0,weixin,new,379,2
0,False,weixin,0,weixin,normal,380,9
0,False,weixin,0,weixin,normal,381,13
0,False,weixin,0,weixin,normal,382,4
0,False,weixin,0,weixin,normal,383,42
0,False,weixin,0,weixin,normal,386,10
2,True,weixin,0,weixin,normal,397,11
0,False,weixin,0,None,new,407,1
0,False,weixin,0,weixin,normal,409,14
0,False,weixin,0,weixin,normal,449,2
0,False,weixin,0,None,normal,453,1
0,False,weixin,0,weixin,normal,459,6
0,False,weixin,0,None,new,470,1
0,False,weixin,0,None,new,502,1
3,False,android,0,android,new,504,0
0,False,weixin,0,weixin,normal,505,6
0,False,weixin,0,weixin,new,508,11
2,True,android,0,weixin,new,520,3
0,False,ios,1,None,new,540,0
0,False,weixin,0,None,new,543,1
4,False,android,0,android,normal,551,0
0,False,weixin,0,weixin,normal,552,33
0,False,weixin,0,weixin,normal,569,2
0,False,ios,1,None,new,584,0
0,False,weixin,0,None,new,586,1
0,False,weixin,0,weixin,normal,598,42
0,True,ios,1,weixin,normal,601,167
0,False,weixin,0,weixin,normal,602,30
0,False,weixin,0,weixin,normal,609,5
0,False,weixin,0,weixin,normal,623,4
0,False,weixin,0,weixin,None,629,3
0,False,weixin,0,weixin,normal,646,7
0,False,weixin,0,None,new,652,1
0,False,weixin,0,weixin,normal,657,7
0,False,weixin,0,weixin,normal,677,9
0,False,weixin,0,weixin,normal,718,21
0,False,weixin,0,weixin,new,728,2
0,False,ios,2,ios,new,731,0
0,False,weixin,0,weixin,normal,752,14
0,False,ios,5,ios,normal,801,0
0,False,weixin,0,None,normal,828,1
2,False,android,0,android,disabled,829,0
0,False,weixin,0,None,normal,835,1
0,False,weixin,0,weixin,normal,847,11
0,False,weixin,0,None,new,853,1
0,False,weixin,0,None,normal,855,1
12,False,android,0,android,normal,862,0
0,False,weixin,0,weixin,normal,873,5
0,False,weixin,0,None,new,891,1
0,False,weixin,0,None,new,894,1
0,False,weixin,0,None,normal,897,1
0,False,weixin,0,weixin,normal,899,4
0,False,weixin,0,weixin,normal,908,28
0,False,weixin,0,weixin,normal,909,4
0,False,weixin,0,weixin,normal,918,3
0,False,ios,12,ios,normal,921,0
0,False,weixin,0,None,new,922,1
4,True,weixin,0,weixin,normal,927,5
0,False,weixin,0,weixin,normal,941,20
0,False,weixin,0,weixin,normal,943,27
0,False,weixin,0,weixin,normal,947,2
0,False,weixin,0,None,new,949,1
0,False,weixin,0,None,None,951,1
0,False,weixin,0,None,normal,954,1
2,False,android,0,android,new,961,0
0,False,weixin,0,weixin,normal,965,4
0,False,weixin,0,weixin,normal,966,9
0,False,weixin,0,weixin,new,968,2
4,True,weixin,0,weixin,normal,969,10
0,False,weixin,0,weixin,normal,970,9
0,False,ios,3,ios,normal,973,0
0,True,weixin,4,weixin,normal,976,2
0,False,weixin,0,weixin,normal,987,33
0,False,weixin,0,weixin,normal,989,5
0,False,weixin,0,weixin,normal,993,3
0,True,ios,1,weixin,new,996,7
0,False,weixin,0,weixin,normal,1018,130
3,True,weixin,0,android,new,1019,1
0,False,weixin,0,None,new,1022,1
0,False,weixin,0,weixin,normal,1028,40
0,False,ios,1,None,new,1031,0
0,False,weixin,0,weixin,normal,1036,9
0,False,ios,5,ios,new,1039,0
0,False,weixin,0,weixin,new,1042,3
0,False,weixin,0,weixin,normal,1046,2
1,False,android,0,None,normal,1047,0
0,False,weixin,0,weixin,normal,1053,5
0,False,weixin,0,weixin,new,1056,5
0,False,weixin,0,None,normal,1062,1
0,False,weixin,0,None,normal,1064,1
0,False,weixin,0,weixin,normal,1066,17
0,False,weixin,0,weixin,new,1068,2
0,False,weixin,0,weixin,normal,1069,44
0,False,weixin,0,weixin,normal,1071,13
0,False,weixin,0,weixin,normal,1074,6
4,False,android,0,android,new,1083,0
0,False,weixin,0,weixin,normal,1085,21
0,False,weixin,0,None,new,1086,1
4,True,android,0,weixin,normal,1089,6
0,False,weixin,0,weixin,new,1092,12
0,False,weixin,0,weixin,normal,1096,3
0,False,weixin,0,weixin,new,1102,2
0,False,weixin,0,None,new,1107,1
0,True,ios,1,weixin,new,1108,1
0,False,ios,2,ios,new,1109,0
0,False,weixin,0,weixin,normal,1116,11
0,False,weixin,0,weixin,normal,1120,19
0,False,weixin,0,weixin,normal,1121,4
0,False,weixin,0,weixin,normal,1122,64
0,False,weixin,0,weixin,normal,1124,11
0,False,weixin,0,None,normal,1126,1
0,False,weixin,0,weixin,normal,1132,32
0,False,weixin,0,weixin,normal,1133,7
0,False,weixin,0,None,normal,1136,1
0,False,weixin,0,None,new,1137,1
0,False,weixin,0,weixin,normal,1141,34
6,True,android,0,android,normal,1142,1
0,False,weixin,0,weixin,normal,1143,24
0,False,weixin,0,weixin,normal,1146,2
0,False,weixin,0,None,normal,1150,1
0,False,weixin,0,weixin,new,1157,6
0,False,weixin,0,weixin,normal,1161,12
0,False,weixin,0,None,normal,1173,1
0,False,weixin,0,weixin,normal,1176,2
0,False,weixin,0,weixin,normal,1177,2
0,False,weixin,0,weixin,normal,1179,10
0,False,weixin,0,weixin,normal,1182,3
0,False,weixin,0,weixin,normal,1184,7
0,False,weixin,0,None,new,1200,1
0,False,weixin,0,weixin,normal,1201,16
3,True,android,0,weixin,normal,1204,2
0,False,weixin,0,None,new,1208,1
0,False,weixin,0,weixin,new,1212,2
0,False,weixin,0,None,new,1218,1
8,False,android,0,android,normal,1219,0
0,False,weixin,0,weixin,normal,1220,4
0,False,weixin,0,weixin,normal,1224,5
0,False,weixin,0,weixin,new,1225,2
0,False,weixin,0,weixin,new,1227,5
0,False,weixin,0,weixin,normal,1229,7
0,False,weixin,0,weixin,normal,1231,23
2,True,android,0,weixin,normal,1235,5
0,False,weixin,0,weixin,new,1236,8
2,True,android,0,weixin,new,1238,3
0,False,weixin,0,None,new,1239,1
1,True,ios,4,android,normal,1250,2
0,False,weixin,0,weixin,normal,1252,39
0,False,weixin,0,weixin,normal,1253,3
0,False,weixin,0,weixin,normal,1254,5
0,False,weixin,0,weixin,normal,1257,11
0,False,weixin,0,weixin,new,1258,3
0,False,weixin,0,weixin,normal,1263,8
0,False,weixin,0,None,new,1266,1
0,False,weixin,0,weixin,normal,1272,35
0,False,weixin,0,weixin,normal,1273,25
4,True,weixin,0,android,normal,1274,1
0,False,weixin,0,weixin,new,1276,8
0,False,weixin,0,None,new,1277,1
6,True,weixin,0,android,normal,1280,4
0,False,weixin,0,weixin,new,1282,12
0,False,weixin,0,weixin,normal,1284,11
0,False,weixin,0,weixin,normal,1285,12
1,False,android,0,None,normal,1286,0
0,False,weixin,0,weixin,new,1288,2
0,False,weixin,0,None,new,1290,1
4,False,android,0,android,new,1292,0
2,False,android,0,android,normal,1298,0
2,True,weixin,0,weixin,normal,1300,9
0,False,weixin,0,None,new,1305,1
0,False,weixin,0,None,new,1307,1
0,False,weixin,0,weixin,new,1312,2
0,False,weixin,0,weixin,new,1317,4
0,False,weixin,0,weixin,normal,1318,4
0,False,weixin,0,weixin,normal,1319,11
0,False,weixin,0,None,new,1320,1
0,False,weixin,0,None,new,1321,1
0,False,weixin,0,weixin,normal,1323,3
0,False,weixin,0,weixin,normal,1328,224
0,False,weixin,0,None,normal,1341,1
0,False,weixin,0,weixin,normal,1353,3
0,False,weixin,0,weixin,normal,1365,4
0,False,weixin,0,weixin,normal,1370,3
0,False,weixin,0,None,new,1376,1
0,False,weixin,0,None,normal,1382,1
0,False,weixin,0,weixin,new,1385,5
0,False,weixin,0,weixin,normal,1417,7
0,False,weixin,0,None,new,1420,1
0,False,weixin,0,weixin,new,1425,33
0,False,weixin,0,None,normal,1432,1
11,False,android,0,android,new,1436,0
0,False,weixin,0,None,new,1442,1
0,False,weixin,0,weixin,normal,1450,32
0,False,weixin,0,weixin,normal,1466,26
0,False,weixin,0,weixin,normal,1478,3
0,False,weixin,0,weixin,normal,1507,29
0,True,weixin,4,weixin,new,1509,6
0,True,ios,3,ios,normal,1527,7
0,False,weixin,0,None,normal,1530,1
0,False,weixin,0,None,new,1533,1
0,False,weixin,0,weixin,normal,1536,7
0,True,ios,2,weixin,new,1542,1
0,False,weixin,0,weixin,normal,1609,11
0,False,weixin,0,weixin,new,1613,2
0,False,weixin,0,weixin,normal,1622,13
0,False,weixin,0,weixin,new,1625,2
0,False,weixin,0,weixin,normal,1637,3
0,False,weixin,0,weixin,normal,1648,4
0,False,weixin,0,weixin,normal,1656,13
2,True,weixin,0,android,normal,1664,3
0,False,weixin,0,weixin,new,1680,4
0,False,weixin,0,weixin,new,1719,2
0,False,weixin,0,None,normal,1725,1
0,False,weixin,0,None,new,1753,1
0,False,weixin,0,weixin,new,1780,2
0,False,weixin,0,weixin,normal,1794,10
0,False,weixin,0,None,normal,1805,1
0,False,weixin,0,None,normal,1808,1
0,False,weixin,0,None,new,1821,1
0,False,weixin,0,None,normal,1850,1
0,False,weixin,0,weixin,normal,1859,13
0,False,weixin,0,None,normal,1874,1
10,True,ios,8,ios,normal,1895,0
2,True,android,0,weixin,normal,1903,48
0,False,weixin,0,weixin,disabled,1909,33
2,True,weixin,0,android,normal,1921,1
0,False,weixin,0,None,new,1924,1
0,False,weixin,0,weixin,normal,1931,3
0,False,weixin,0,None,new,1940,1
0,False,weixin,0,weixin,new,1952,3
2,True,weixin,0,android,normal,1958,1
0,False,weixin,0,None,normal,1978,1
5,True,weixin,0,android,normal,1995,11
6,False,android,0,android,normal,2007,0
0,False,weixin,0,weixin,normal,2053,241
0,False,weixin,0,weixin,normal,2072,2
0,False,weixin,0,weixin,normal,2084,18
0,False,weixin,0,None,new,2087,1
0,False,weixin,0,None,new,2093,1
0,False,weixin,0,weixin,new,2098,2
0,False,weixin,0,weixin,new,2101,10
0,False,weixin,0,None,normal,2104,1
0,False,weixin,0,weixin,new,2107,16
0,False,weixin,0,None,new,2109,1
0,True,ios,3,weixin,normal,2114,2
0,False,weixin,0,None,new,2123,1
0,False,weixin,0,None,new,2127,1
0,False,weixin,0,weixin,normal,2133,14
0,False,weixin,0,weixin,normal,2135,3
0,False,weixin,0,weixin,normal,2138,2
0,False,weixin,0,weixin,normal,2152,2
0,False,weixin,0,None,new,2158,1
0,False,weixin,0,weixin,normal,2175,2
0,False,weixin,0,None,new,2177,1
0,False,weixin,0,weixin,new,2186,5
6,False,android,0,android,new,2189,0
0,False,weixin,0,None,new,2192,1
0,True,weixin,1,ios,normal,2198,1
0,False,weixin,0,weixin,normal,2204,34
0,False,weixin,0,weixin,normal,2209,2
0,False,weixin,0,weixin,normal,2212,3
0,False,weixin,0,weixin,normal,2218,3
0,False,weixin,0,weixin,normal,2227,2
0,False,weixin,0,weixin,normal,2230,2
0,False,weixin,0,weixin,new,2233,3
3,True,weixin,0,android,normal,2236,1
0,False,ios,1,None,new,2242,0
2,True,weixin,0,weixin,normal,2244,7
0,False,weixin,0,weixin,new,2247,2
0,False,weixin,0,weixin,disabled,2250,35
0,False,weixin,0,None,new,2255,1
0,False,weixin,0,weixin,normal,2270,4
0,False,weixin,0,weixin,new,2290,5
0,False,weixin,0,None,normal,2310,1
4,True,weixin,0,weixin,normal,2318,22
0,False,weixin,0,weixin,new,2328,3
2,False,android,0,android,new,2352,0
0,False,weixin,0,None,new,2355,1
0,False,weixin,0,weixin,normal,2358,14
0,False,weixin,0,weixin,normal,2365,4
0,True,ios,2,weixin,disabled,2374,1
0,False,weixin,0,weixin,normal,2381,6
0,False,weixin,0,None,new,2396,1
0,False,weixin,0,None,normal,2399,1
0,False,weixin,0,weixin,normal,2404,3
0,False,weixin,0,weixin,normal,2410,9
0,False,weixin,0,weixin,normal,2440,10
0,False,weixin,0,weixin,normal,2464,4
0,False,weixin,0,None,new,2467,1
0,False,weixin,0,weixin,normal,2484,5
0,False,weixin,0,weixin,normal,2487,17
0,False,weixin,0,weixin,normal,2490,13
0,False,weixin,0,None,normal,2493,1
0,False,weixin,0,None,normal,2496,1
0,False,weixin,0,weixin,new,2500,10
0,False,weixin,0,None,normal,2515,1
0,False,weixin,0,weixin,normal,2521,21
0,False,weixin,0,weixin,normal,2524,14
10,True,android,0,weixin,normal,2527,25
0,False,weixin,0,weixin,normal,2533,2
0,False,weixin,0,weixin,new,2537,9
0,False,weixin,0,weixin,normal,2539,16
0,False,weixin,0,weixin,new,2568,8
0,False,ios,17,ios,normal,2597,0
0,False,weixin,0,None,new,2600,1
0,False,weixin,0,weixin,normal,2644,24
0,False,weixin,0,weixin,normal,2664,28
0,False,weixin,0,weixin,normal,2675,13
6,True,android,0,weixin,normal,2746,2
0,False,weixin,0,None,new,2755,1
0,False,weixin,0,weixin,normal,2769,19
0,False,weixin,0,weixin,new,2778,6
0,False,weixin,0,weixin,normal,2784,38
0,False,weixin,0,weixin,normal,2793,6
0,False,weixin,0,weixin,normal,2803,6
0,False,weixin,0,weixin,disabled,2831,18
0,False,weixin,0,weixin,normal,2839,12
0,False,weixin,0,weixin,normal,2858,11
0,False,weixin,0,weixin,normal,2866,37
0,False,weixin,0,weixin,normal,2871,4
0,False,weixin,0,weixin,normal,2877,33
0,False,weixin,0,weixin,normal,2883,18
0,False,weixin,0,None,normal,2891,1
0,False,weixin,0,None,None,2894,1
0,False,weixin,0,weixin,new,2909,3
0,False,weixin,0,weixin,new,2941,4
0,False,weixin,0,None,normal,2945,1
0,False,weixin,0,weixin,normal,2951,6
0,False,weixin,0,weixin,normal,2978,3
0,False,weixin,0,weixin,normal,3002,3
0,False,weixin,0,weixin,normal,3005,15
2,True,weixin,0,weixin,normal,3007,2
0,False,weixin,0,weixin,normal,3025,7
0,False,weixin,0,weixin,normal,3034,3
0,False,weixin,0,None,normal,3047,1
0,False,weixin,0,weixin,normal,3050,5
0,False,weixin,0,weixin,normal,3053,2
0,False,weixin,0,None,normal,3056,1
3,True,weixin,0,weixin,normal,3059,6
0,False,weixin,0,None,new,3062,1
0,False,weixin,0,None,new,3136,1
0,False,weixin,0,weixin,normal,3144,3
0,False,weixin,0,weixin,new,3153,2
0,False,weixin,0,weixin,normal,3169,4
0,False,weixin,0,weixin,normal,3181,3
0,False,weixin,0,weixin,normal,3200,5
0,False,weixin,0,weixin,new,3210,2
0,False,weixin,0,weixin,normal,3224,17
0,False,weixin,0,weixin,new,3227,2
0,False,weixin,0,weixin,normal,3297,4
0,False,weixin,0,weixin,normal,3307,10
0,False,weixin,0,None,new,3316,1
0,False,weixin,0,weixin,normal,3320,8
0,False,weixin,0,weixin,new,3323,4
0,False,weixin,0,weixin,normal,3329,18
0,False,weixin,0,weixin,normal,3345,48
0,False,weixin,0,weixin,new,3390,4
0,False,weixin,0,weixin,normal,3445,3
0,False,weixin,0,None,normal,3463,1
0,False,weixin,0,None,normal,3475,1
0,False,weixin,0,None,normal,3477,1
0,False,weixin,0,None,None,3500,1
0,False,weixin,0,weixin,normal,3525,4
0,False,weixin,0,None,None,3534,1
0,False,weixin,0,weixin,normal,3597,19
0,False,weixin,0,None,normal,3602,1
2,True,weixin,0,weixin,normal,3605,2
0,False,weixin,0,None,normal,3620,1
6,True,android,0,android,normal,3624,2
0,False,weixin,0,weixin,normal,3630,2
6,True,android,0,weixin,normal,3636,153
0,False,weixin,0,weixin,new,3642,2
0,False,weixin,0,weixin,normal,3648,3
0,False,weixin,0,weixin,normal,3661,2
0,False,weixin,0,weixin,normal,3665,71
0,False,weixin,0,None,new,3668,1
0,False,weixin,0,weixin,normal,3684,30
0,False,weixin,0,weixin,disabled,3702,11
0,False,weixin,0,weixin,normal,3715,15
2,False,android,0,android,new,3727,0
0,False,weixin,0,weixin,normal,3733,42
2,True,android,0,weixin,normal,3745,1
0,False,weixin,0,weixin,new,3757,4
0,False,weixin,0,weixin,new,3763,2
0,False,weixin,0,None,normal,3771,1
0,False,weixin,0,weixin,normal,3779,18
0,False,weixin,0,weixin,normal,3782,80
0,False,weixin,0,weixin,normal,3786,9
0,False,weixin,0,weixin,disabled,3789,6
0,False,weixin,0,weixin,disabled,3855,18
0,True,weixin,7,weixin,normal,3858,10
0,False,weixin,0,None,new,3863,1
0,False,weixin,0,weixin,normal,3878,92
0,False,weixin,0,weixin,normal,3884,4
0,False,weixin,0,weixin,disabled,3905,2
0,False,weixin,0,None,normal,3911,1
0,False,weixin,0,weixin,normal,3914,5
0,False,weixin,0,None,new,3919,1
6,False,android,0,android,new,3922,0
0,False,weixin,0,weixin,new,3930,4
0,False,weixin,0,weixin,normal,3933,19
0,False,weixin,0,weixin,normal,3936,3
0,False,weixin,0,weixin,new,3942,6
0,False,weixin,0,weixin,normal,3948,2
0,False,weixin,0,weixin,normal,3957,5
0,False,weixin,0,None,new,3960,1
4,True,weixin,0,weixin,normal,3963,3
0,False,weixin,0,weixin,new,3969,24
0,False,weixin,0,None,new,3986,1
0,False,weixin,0,weixin,new,4014,3
0,False,weixin,0,None,normal,4017,1
0,False,weixin,0,None,new,4088,1
0,False,weixin,0,weixin,normal,4127,7
0,False,weixin,0,weixin,new,4161,2
0,False,weixin,0,weixin,normal,4191,2
0,False,weixin,0,weixin,normal,4218,8
0,False,weixin,0,weixin,normal,4221,2
0,False,weixin,0,None,new,4260,1
0,False,weixin,0,weixin,new,4302,2
0,False,weixin,0,weixin,normal,4320,23
0,False,weixin,0,weixin,normal,4329,40
0,False,weixin,0,None,normal,4341,1
0,False,weixin,0,None,new,4348,1
0,False,weixin,0,weixin,normal,4351,135
0,False,weixin,0,weixin,normal,4374,5
0,False,weixin,0,None,normal,4424,1
0,False,weixin,0,weixin,normal,4449,3
0,False,weixin,0,weixin,normal,4455,4
0,False,weixin,0,weixin,new,4475,2
2,True,weixin,0,weixin,normal,4523,10
6,True,weixin,0,android,normal,4590,2
46,True,weixin,0,android,normal,4594,6
0,True,ios,1,weixin,normal,4597,18
0,False,weixin,0,weixin,normal,4600,2
0,False,weixin,0,weixin,new,4603,11
0,False,weixin,0,weixin,normal,4605,6
0,False,weixin,0,weixin,normal,4608,3
0,False,weixin,0,None,normal,4614,1
0,False,weixin,0,weixin,normal,4620,4
2,True,android,0,weixin,new,4641,1
0,False,weixin,0,weixin,normal,4715,8
0,False,weixin,0,weixin,new,4751,3
0,False,weixin,0,weixin,normal,4876,19
0,False,weixin,0,None,new,4905,1
0,False,weixin,0,weixin,normal,4911,6
4,True,weixin,0,android,normal,4920,3
0,False,weixin,0,weixin,normal,7350,11
0,False,weixin,0,None,normal,7384,1
0,False,weixin,0,None,new,7450,1
0,False,weixin,0,weixin,normal,7453,7
0,False,weixin,0,weixin,normal,7456,13
0,False,weixin,0,weixin,normal,7465,18
0,False,weixin,0,weixin,normal,7467,32
0,False,weixin,0,weixin,normal,7480,8
0,False,weixin,0,weixin,new,7486,3
0,False,weixin,0,weixin,new,7492,9
0,False,weixin,0,weixin,new,7495,3
0,False,weixin,0,weixin,normal,7499,28
0,False,weixin,0,weixin,normal,7517,9
2,True,weixin,0,android,new,7543,2
1,False,android,0,None,normal,7546,0
0,False,weixin,0,None,normal,7549,1
0,False,weixin,0,weixin,new,7553,13
0,False,weixin,0,weixin,normal,7565,2
0,False,weixin,0,weixin,normal,7569,40
0,False,weixin,0,weixin,disabled,7578,4
0,False,weixin,0,None,new,7605,1
0,False,weixin,0,None,normal,7633,1
0,False,weixin,0,None,new,7636,1
0,False,weixin,0,weixin,normal,7649,21
0,False,weixin,0,weixin,normal,7660,19
0,False,weixin,0,weixin,new,7662,4
0,False,weixin,0,weixin,normal,7687,13
3,True,weixin,0,weixin,normal,7705,3
0,False,weixin,0,weixin,normal,7714,3
0,False,weixin,0,weixin,new,7729,3
0,False,weixin,0,weixin,new,7732,4
0,False,weixin,0,weixin,normal,7738,6
0,False,weixin,0,weixin,normal,7739,2
0,False,weixin,0,weixin,normal,7745,5
0,False,weixin,0,None,new,7751,1
0,False,weixin,0,weixin,normal,7754,3
0,False,weixin,0,weixin,normal,7771,4
0,True,ios,5,ios,normal,7772,1
0,False,weixin,0,weixin,new,7783,4
0,False,weixin,0,weixin,normal,7784,3
0,False,weixin,0,weixin,normal,7786,2
0,False,weixin,0,None,normal,7787,1
0,False,weixin,0,None,normal,7789,1
0,True,weixin,6,ios,normal,7792,7
0,False,weixin,0,weixin,new,7799,4
0,False,weixin,0,None,normal,7800,1
0,False,weixin,0,None,normal,7816,1
0,False,weixin,0,None,new,7819,1
0,False,weixin,0,weixin,normal,7820,8
0,False,weixin,0,weixin,normal,7835,8
0,False,weixin,0,weixin,new,7837,12
0,False,weixin,0,weixin,normal,7862,3
24,True,android,0,android,normal,7876,11
0,False,weixin,0,None,normal,7878,1
0,False,weixin,0,weixin,normal,7889,5
0,False,weixin,0,weixin,new,7892,3
0,False,weixin,0,weixin,normal,7895,2
0,False,weixin,0,weixin,new,7900,6
0,False,weixin,0,weixin,disabled,7906,24
0,False,weixin,0,weixin,normal,7908,17
0,False,weixin,0,None,new,7915,1
0,False,weixin,0,None,new,7918,1
0,False,weixin,0,weixin,normal,7919,2
0,False,weixin,0,weixin,normal,7920,21
0,False,weixin,0,weixin,normal,7921,3
0,False,weixin,0,weixin,new,7923,2
0,False,weixin,0,None,normal,7924,1
0,False,weixin,0,weixin,normal,7928,2
0,False,weixin,0,weixin,normal,7932,7
0,False,weixin,0,weixin,normal,7941,16
0,False,weixin,0,weixin,normal,7942,14
0,False,weixin,0,weixin,normal,7943,14
0,False,weixin,0,weixin,disabled,7951,3
0,False,weixin,0,weixin,normal,7954,2
0,False,weixin,0,None,normal,7955,1
0,False,weixin,0,weixin,normal,7957,83
0,False,weixin,0,weixin,normal,7959,35
0,False,weixin,0,weixin,normal,7972,4
4,False,android,0,android,normal,7976,0
0,False,weixin,0,weixin,normal,7977,27
8,False,android,0,android,normal,7978,0
0,False,weixin,0,weixin,normal,7979,16
0,False,weixin,0,weixin,normal,7980,2
0,False,weixin,0,None,new,7981,1
0,False,weixin,0,weixin,normal,7982,55
0,False,weixin,0,weixin,new,7983,12
0,False,weixin,0,None,normal,7987,1
0,False,weixin,0,weixin,new,7988,2
0,False,ios,1,None,new,7989,0
0,False,weixin,0,weixin,normal,7990,5
0,False,weixin,0,weixin,normal,7991,13
0,False,weixin,0,None,new,7993,1
0,False,weixin,0,weixin,normal,7994,18
0,False,weixin,0,weixin,normal,7995,10
26,False,android,0,android,new,7996,0
4,True,weixin,0,weixin,normal,8000,39
0,False,weixin,0,None,new,8001,1
0,False,weixin,0,weixin,normal,8007,3
0,False,weixin,0,weixin,normal,8009,28
0,False,weixin,0,weixin,new,8019,10
0,False,weixin,0,weixin,new,8021,9
0,False,weixin,0,None,normal,8022,1
0,False,weixin,0,None,new,8023,1
0,False,weixin,0,None,new,8027,1
0,False,weixin,0,None,new,8028,1
0,False,weixin,0,weixin,normal,8030,5
0,False,weixin,0,weixin,new,8031,5
0,False,weixin,0,weixin,new,8038,10
4,False,android,0,android,new,8042,0
0,False,weixin,0,weixin,new,8043,12
0,False,weixin,0,weixin,new,8044,15
0,False,weixin,0,weixin,normal,8052,2
0,False,weixin,0,weixin,new,8055,4
0,False,weixin,0,None,new,8057,1
0,False,weixin,0,weixin,normal,8060,27
0,False,weixin,0,weixin,normal,8061,13
0,False,weixin,0,weixin,normal,8062,7
0,False,weixin,0,weixin,normal,8063,4
0,False,weixin,0,weixin,normal,8064,7
0,False,weixin,0,weixin,normal,8066,2
0,False,weixin,0,weixin,normal,8067,18
0,False,weixin,0,weixin,normal,8070,8
0,False,weixin,0,weixin,normal,8071,12
0,False,weixin,0,weixin,normal,8072,3
0,False,weixin,0,weixin,normal,8077,10
0,False,weixin,0,weixin,new,8079,4
0,False,weixin,0,weixin,new,8084,2
0,False,weixin,0,weixin,new,8085,14
0,False,weixin,0,weixin,normal,8088,4
0,False,weixin,0,None,normal,8089,1
0,False,weixin,0,weixin,normal,8090,20
0,False,weixin,0,weixin,normal,8091,2
0,False,weixin,0,weixin,normal,8092,11
0,False,weixin,0,weixin,normal,8093,10
68,True,android,0,weixin,normal,8094,83
0,False,weixin,0,None,normal,8104,1
0,False,weixin,0,None,new,8105,1
0,True,weixin,5,ios,normal,8108,6
0,False,weixin,0,weixin,new,8109,4
0,False,weixin,0,weixin,new,8110,5
0,False,weixin,0,weixin,normal,8112,20
0,False,weixin,0,None,new,8115,1
0,False,weixin,0,weixin,normal,8119,2
0,False,weixin,0,None,new,8121,1
2,True,weixin,0,weixin,normal,8122,6
0,False,weixin,0,weixin,normal,8125,4
0,False,weixin,0,weixin,new,8126,2
0,False,weixin,0,None,new,8127,1
0,False,weixin,0,weixin,normal,8129,47
0,False,weixin,0,weixin,normal,8130,90
0,False,weixin,0,None,new,8131,1
0,False,weixin,0,None,normal,8136,1
0,False,weixin,0,None,new,8137,1
0,False,weixin,0,weixin,normal,8142,17
0,False,weixin,0,None,new,8143,1
0,False,weixin,0,weixin,normal,8145,20
0,False,weixin,0,None,new,8146,1
0,False,weixin,0,weixin,normal,8149,3
0,False,weixin,0,None,normal,8152,1
0,False,weixin,0,weixin,normal,8153,4
0,False,weixin,0,weixin,new,8154,2
0,False,weixin,0,weixin,normal,8156,8
0,False,weixin,0,None,new,8158,1
0,False,weixin,0,weixin,normal,8163,3
0,False,weixin,0,weixin,normal,8164,7
0,False,weixin,0,None,normal,8166,1
0,False,weixin,0,weixin,normal,8168,8
4,True,weixin,0,android,new,8170,10
0,False,weixin,0,None,new,8171,1
0,False,weixin,0,weixin,new,8172,6
4,True,weixin,0,android,normal,8173,1
0,False,weixin,0,None,new,8174,1
0,False,weixin,0,weixin,normal,8175,5
0,False,weixin,0,weixin,normal,8180,51
2,False,android,0,android,normal,8181,0
0,False,weixin,0,None,normal,8182,1
0,False,weixin,0,None,new,8184,1
0,False,weixin,0,weixin,normal,8189,12
0,False,weixin,0,None,normal,8191,1
0,False,weixin,0,weixin,new,8195,3
0,False,weixin,0,None,normal,8198,1
0,False,weixin,0,weixin,new,8200,3
0,False,weixin,0,weixin,normal,8204,10
0,False,weixin,0,weixin,normal,8208,2
0,False,weixin,0,weixin,normal,8215,15
0,False,weixin,0,weixin,normal,8216,10
0,False,weixin,0,weixin,new,8222,2
0,False,weixin,0,weixin,normal,8223,11
0,False,weixin,0,weixin,normal,8225,12
0,False,weixin,0,weixin,new,8228,2
0,False,weixin,0,None,normal,8230,1
0,False,weixin,0,weixin,normal,8232,28
0,False,weixin,0,weixin,new,8233,7
0,False,weixin,0,weixin,normal,8236,4
0,False,weixin,0,weixin,new,8238,3
0,False,weixin,0,weixin,new,8242,2
0,False,weixin,0,None,new,8243,1
0,False,weixin,0,None,new,8244,1
0,False,weixin,0,weixin,new,8245,3
0,False,weixin,0,None,new,8246,1
0,False,weixin,0,weixin,new,8247,2
2,True,weixin,0,weixin,normal,8248,7
0,False,weixin,0,weixin,normal,8249,22
2,False,android,0,android,new,8251,0
0,False,weixin,0,None,normal,8258,1
0,False,weixin,0,weixin,new,8259,4
0,False,weixin,0,weixin,normal,8260,11
0,False,weixin,0,weixin,normal,8263,10
3,True,weixin,0,weixin,normal,8264,7
0,False,weixin,0,weixin,normal,8266,30
0,False,weixin,0,weixin,new,8267,2
4,True,android,0,weixin,normal,8268,2
0,False,weixin,0,weixin,new,8269,2
0,False,weixin,0,weixin,normal,8270,4
0,False,weixin,0,weixin,normal,8274,14
2,True,android,0,weixin,normal,8275,3
0,False,weixin,0,weixin,normal,8276,15
0,False,weixin,0,weixin,new,8278,4
0,False,weixin,0,None,new,8279,1
0,True,ios,1,weixin,new,8280,3
0,False,weixin,0,None,normal,8281,1
0,False,weixin,0,None,new,8285,1
0,False,weixin,0,weixin,normal,8286,6
0,False,weixin,0,None,new,8288,1
0,False,weixin,0,None,normal,8294,1
0,False,weixin,0,weixin,normal,8299,15
0,False,weixin,0,None,normal,8301,1
0,False,weixin,0,weixin,new,8302,2
0,False,weixin,0,weixin,new,8309,2
0,False,weixin,0,None,normal,8312,1
0,False,weixin,0,weixin,new,8313,5
0,False,weixin,0,weixin,new,8315,7
0,False,weixin,0,weixin,normal,8317,6
0,False,weixin,0,weixin,new,8320,2
0,False,weixin,0,weixin,normal,8322,41
0,False,weixin,0,weixin,new,8325,63
0,False,weixin,0,weixin,normal,8326,3
0,False,weixin,0,weixin,new,8327,2
0,False,weixin,0,None,new,8328,1
0,False,weixin,0,None,new,8329,1
0,False,weixin,0,weixin,normal,8332,3
0,False,weixin,0,weixin,new,8334,2
2,True,ios,5,android,normal,8335,1
0,False,weixin,0,weixin,new,8337,3
0,False,weixin,0,weixin,disabled,8341,2
0,False,weixin,0,weixin,normal,8343,6
0,False,weixin,0,None,new,8347,1
0,False,weixin,0,None,normal,8350,1
0,False,weixin,0,None,normal,8352,1
0,False,weixin,0,weixin,normal,8354,18
0,False,weixin,0,None,disabled,8356,1
0,False,weixin,0,weixin,new,8357,2
0,False,weixin,0,weixin,normal,8358,12
2,True,weixin,0,weixin,normal,8359,4
0,False,weixin,0,weixin,normal,8360,13
0,False,weixin,0,weixin,normal,8361,15
0,False,weixin,0,weixin,new,8362,2
0,False,weixin,0,weixin,normal,8363,10
0,False,weixin,0,weixin,new,8364,3
0,False,weixin,0,weixin,normal,8365,20
0,False,weixin,0,weixin,normal,8367,23
0,False,weixin,0,weixin,normal,8369,7
0,False,weixin,0,None,None,8370,1
0,False,weixin,0,None,new,8372,1
0,False,weixin,0,weixin,normal,8373,2
0,False,weixin,0,weixin,normal,8374,15
0,False,weixin,0,None,new,8375,1
0,False,weixin,0,None,normal,8380,1
0,False,weixin,0,weixin,normal,8381,7
0,False,weixin,0,weixin,normal,8384,4
2,False,android,0,android,normal,8385,0
0,False,weixin,0,weixin,normal,8386,2
0,False,weixin,0,weixin,normal,8387,8
0,False,weixin,0,None,new,8388,1
0,False,weixin,0,None,new,8389,1
0,False,weixin,0,None,new,8396,1
0,False,weixin,0,weixin,normal,8399,52
0,False,weixin,0,weixin,normal,8401,17
0,False,weixin,0,weixin,new,8403,2
0,False,weixin,0,None,new,8405,1
9,False,android,0,android,new,8406,0
0,False,weixin,0,None,normal,8408,1
0,False,weixin,0,weixin,new,8410,2
0,False,weixin,0,weixin,normal,8411,55
0,False,weixin,0,weixin,disabled,8412,9
0,False,weixin,0,weixin,new,8415,2
0,False,weixin,0,weixin,normal,8416,4
4,True,weixin,0,android,new,8418,5
0,False,weixin,0,weixin,normal,8421,4
0,False,weixin,0,weixin,new,8422,2
0,True,ios,2,weixin,normal,8424,9
0,False,weixin,0,None,new,8428,1
0,False,weixin,0,None,new,8432,1
0,False,weixin,0,weixin,new,8433,2
0,False,weixin,0,None,new,8434,1
6,True,android,0,weixin,normal,8435,1
2,True,android,0,weixin,normal,8438,4
2,False,android,0,android,new,8439,0
0,False,weixin,0,weixin,new,8440,9
0,False,weixin,0,weixin,new,8443,2
0,False,weixin,0,weixin,normal,8444,19
0,False,weixin,0,weixin,normal,8447,4
0,False,weixin,0,weixin,normal,8448,3
0,False,weixin,0,weixin,normal,8452,2
0,False,weixin,0,weixin,new,8454,3
0,False,weixin,0,weixin,normal,8455,15
0,False,weixin,0,None,new,8458,1
0,False,weixin,0,None,new,8460,1
0,False,weixin,0,weixin,new,8462,6
0,False,weixin,0,None,normal,8465,1
0,False,weixin,0,weixin,new,8466,6
4,False,android,0,android,normal,8468,0
0,False,weixin,0,weixin,normal,8469,3
0,False,weixin,0,weixin,normal,8472,2
0,False,weixin,0,weixin,normal,8475,2
2,True,weixin,0,weixin,normal,8476,12
0,False,weixin,0,None,new,8478,1
0,False,weixin,0,weixin,normal,8480,8
0,False,weixin,0,None,new,8481,1
0,False,weixin,0,weixin,normal,8482,7
0,False,weixin,0,None,normal,8483,1
0,False,weixin,0,weixin,new,8484,3
0,False,weixin,0,weixin,normal,8485,10
0,False,weixin,0,weixin,new,8486,2
0,True,ios,2,weixin,normal,8489,5
0,True,ios,2,ios,normal,8490,3
0,False,weixin,0,weixin,normal,8491,51
0,False,weixin,0,None,normal,8492,1
0,False,weixin,0,None,new,8497,1
0,False,weixin,0,weixin,normal,8500,5
0,False,weixin,0,None,normal,8505,1
0,False,weixin,0,weixin,normal,8506,5
0,False,weixin,0,weixin,normal,8508,2
0,False,weixin,0,None,normal,8509,1
2,True,android,0,weixin,normal,8512,3
0,False,weixin,0,None,new,8513,1
0,False,weixin,0,weixin,normal,8520,15
0,False,weixin,0,weixin,normal,8528,31
0,False,weixin,0,weixin,new,8534,16
0,False,weixin,0,weixin,normal,8535,3
0,False,weixin,0,weixin,new,8536,10
0,False,weixin,0,weixin,normal,8537,29
0,False,weixin,0,weixin,new,8539,2
0,False,weixin,0,weixin,auditting,8542,14
0,False,weixin,0,None,new,8543,1
0,False,weixin,0,weixin,normal,8544,6
0,False,weixin,0,weixin,normal,8549,10
0,False,weixin,0,None,normal,8550,1
0,False,weixin,0,weixin,new,8552,6
0,False,weixin,0,weixin,normal,8553,3
0,False,weixin,0,weixin,normal,8554,2
2,True,weixin,0,weixin,normal,8555,4
0,False,weixin,0,weixin,normal,8556,32
0,False,weixin,0,weixin,normal,8558,4
0,False,weixin,0,weixin,normal,8560,16
0,False,weixin,0,weixin,new,8561,2
0,False,weixin,0,None,new,8564,1
0,False,weixin,0,weixin,normal,8565,2
0,False,weixin,0,weixin,normal,8566,13
4,True,weixin,0,weixin,normal,8568,21
0,False,weixin,0,weixin,normal,8573,2
0,False,weixin,0,weixin,normal,8575,27
0,False,weixin,0,weixin,new,8577,2
0,False,weixin,0,weixin,normal,8578,14
0,False,weixin,0,weixin,normal,8586,5
0,False,weixin,0,None,normal,8589,1
0,False,weixin,0,weixin,new,8593,4
0,False,weixin,0,weixin,new,8594,3
0,False,weixin,0,weixin,normal,8595,3
0,False,weixin,0,None,normal,8596,1
0,False,weixin,0,weixin,normal,8601,3
0,False,weixin,0,weixin,normal,8602,4
0,False,weixin,0,weixin,normal,8603,5
0,False,weixin,0,None,normal,8604,1
0,False,weixin,0,weixin,new,8605,13
4,True,weixin,0,android,normal,8607,5
0,False,weixin,0,None,new,8610,1
0,False,weixin,0,None,new,8611,1
2,True,weixin,0,weixin,normal,8614,11
0,False,weixin,0,weixin,normal,8619,13
0,False,weixin,0,weixin,new,8621,5
0,False,weixin,0,weixin,normal,8622,157
0,False,weixin,0,weixin,new,8626,2
0,False,weixin,0,weixin,normal,8628,7
0,False,weixin,0,weixin,new,8638,4
0,False,weixin,0,weixin,normal,8640,2
0,False,weixin,0,weixin,normal,8641,7
0,False,weixin,0,weixin,normal,8649,6
0,False,weixin,0,None,new,8650,1
0,False,weixin,0,weixin,normal,8651,5
0,False,weixin,0,weixin,normal,8654,18
15,True,ios,14,weixin,normal,8663,20
0,False,weixin,0,weixin,normal,8665,3
0,False,weixin,0,weixin,new,8666,5
0,False,weixin,0,None,normal,8667,1
0,False,weixin,0,weixin,normal,8670,15
0,False,weixin,0,None,new,8676,1
2,False,android,0,android,normal,8677,0
0,False,weixin,0,weixin,normal,8678,3
0,False,weixin,0,None,new,8680,1
0,False,weixin,0,weixin,normal,8681,5
0,False,weixin,0,None,new,8683,1
0,False,weixin,0,None,new,8684,1
0,False,weixin,0,weixin,new,8685,2
0,False,weixin,0,None,normal,8686,1
0,False,weixin,0,weixin,normal,8687,3
0,False,weixin,0,None,normal,8689,1
0,False,weixin,0,None,normal,8694,1
0,False,weixin,0,weixin,new,8695,2
0,False,weixin,0,weixin,new,8697,4
0,False,weixin,0,weixin,normal,8699,12
0,False,weixin,0,None,new,8706,1
0,False,weixin,0,weixin,new,8707,2
0,False,weixin,0,weixin,new,8708,2
0,False,weixin,0,weixin,normal,8709,3
0,False,weixin,0,weixin,new,8710,5
0,False,weixin,0,weixin,new,8711,3
0,False,weixin,0,weixin,normal,8712,5
0,False,weixin,0,weixin,new,8714,3
0,False,weixin,0,weixin,normal,8715,49
0,False,weixin,0,weixin,normal,8716,18
0,False,weixin,0,weixin,new,8717,2
0,False,weixin,0,weixin,normal,8718,9
0,False,weixin,0,weixin,new,8719,9
0,False,weixin,0,weixin,normal,8722,3
0,False,weixin,0,weixin,normal,8723,2
8,True,weixin,0,weixin,normal,8724,306
0,False,weixin,0,None,new,8727,1
0,False,weixin,0,weixin,new,8729,6
0,False,weixin,0,weixin,new,8730,5
0,False,weixin,0,None,new,8733,1
0,False,weixin,0,weixin,normal,8734,13
7,True,weixin,0,android,normal,8737,8
0,False,weixin,0,weixin,normal,8738,5
0,False,weixin,0,weixin,normal,8739,3
0,False,weixin,0,None,normal,8740,1
0,False,weixin,0,None,new,8741,1
0,False,weixin,0,weixin,normal,8742,3
0,False,weixin,0,None,new,8743,1
0,False,weixin,0,weixin,normal,8744,2
0,False,weixin,0,weixin,new,8745,13
0,False,weixin,0,None,normal,8746,1
0,False,weixin,0,weixin,normal,8749,11
0,False,weixin,0,weixin,normal,8751,28
0,False,weixin,0,weixin,new,8753,2
4,False,android,0,android,normal,8755,0
0,False,weixin,0,weixin,new,8758,12
0,False,weixin,0,weixin,normal,8760,6
0,False,weixin,0,weixin,new,8762,2
0,False,weixin,0,None,new,8764,1
0,False,weixin,0,weixin,normal,8765,2
0,False,weixin,0,weixin,new,8771,3
0,False,weixin,0,weixin,normal,8773,5
0,False,weixin,0,weixin,normal,8774,2
0,False,weixin,0,weixin,new,8775,2
2,False,android,0,android,new,8776,0
0,False,weixin,0,weixin,normal,8777,7
0,False,weixin,0,weixin,normal,8787,4
0,False,weixin,0,weixin,new,8789,6
0,False,weixin,0,weixin,new,8792,2
0,False,weixin,0,None,normal,8794,1
0,False,weixin,0,weixin,normal,8795,73
0,False,weixin,0,weixin,new,8797,4
0,True,ios,5,ios,normal,8803,6
0,False,weixin,0,weixin,new,8804,88
0,False,weixin,0,None,new,8807,1
0,False,weixin,0,weixin,normal,8808,23
0,False,weixin,0,None,normal,8810,1
0,False,weixin,0,weixin,normal,8811,5
0,False,weixin,0,weixin,normal,8813,5
0,False,weixin,0,None,new,8815,1
0,False,weixin,0,weixin,new,8817,8
0,False,weixin,0,weixin,normal,8818,5
0,False,weixin,0,weixin,normal,8822,6
0,False,weixin,0,weixin,normal,8823,11
0,False,weixin,0,None,new,8826,1
0,False,weixin,0,weixin,normal,8828,4
0,False,weixin,0,None,new,8834,1
0,False,weixin,0,None,new,8835,1
0,False,weixin,0,weixin,normal,8836,11
4,True,android,0,android,normal,8839,1
0,False,weixin,0,weixin,new,8840,7
0,False,weixin,0,weixin,normal,8841,3
0,False,weixin,0,weixin,new,8842,3
0,False,weixin,0,weixin,new,8843,3
0,False,weixin,0,None,normal,8844,1
0,False,weixin,0,weixin,new,8848,2
0,False,weixin,0,weixin,normal,8851,5
0,False,weixin,0,weixin,new,8856,7
0,False,weixin,0,weixin,normal,8859,3
0,False,weixin,0,weixin,normal,8860,9
0,True,weixin,8,ios,normal,8861,2
0,False,weixin,0,weixin,new,8863,2
0,False,weixin,0,weixin,new,8868,4
0,False,weixin,0,weixin,new,8870,3
0,False,weixin,0,None,new,8872,1
0,False,weixin,0,None,new,8873,1
0,False,weixin,0,weixin,normal,8874,3
0,False,weixin,0,weixin,normal,8876,98
2,False,android,0,android,new,8879,0
0,False,weixin,0,weixin,new,8885,2
0,False,weixin,0,weixin,normal,8889,2
0,False,weixin,0,weixin,normal,8892,2
0,False,weixin,0,weixin,new,8894,5
2,True,android,0,weixin,normal,8898,1
0,False,weixin,0,weixin,normal,8899,3
0,False,weixin,0,weixin,new,8902,2
0,False,weixin,0,weixin,new,8903,2
0,False,weixin,0,None,normal,8904,1
0,False,weixin,0,weixin,new,8907,9
0,False,weixin,0,weixin,new,8909,5
0,False,weixin,0,None,new,8910,1
0,False,weixin,0,weixin,normal,8911,12
0,False,weixin,0,None,new,8913,1
0,False,weixin,0,None,normal,8915,1
0,False,weixin,0,weixin,normal,8916,19
0,False,weixin,0,weixin,normal,8917,24
0,False,weixin,0,weixin,normal,8918,9
0,False,weixin,0,weixin,normal,8924,3
0,False,weixin,0,None,new,8925,1
0,False,weixin,0,weixin,normal,8926,8
0,False,weixin,0,weixin,normal,8927,24
0,False,weixin,0,weixin,new,8929,3
0,False,weixin,0,weixin,normal,8930,2
0,False,weixin,0,weixin,normal,8931,42
0,False,weixin,0,weixin,normal,8932,13
0,False,weixin,0,weixin,normal,8933,24
0,False,weixin,0,weixin,normal,8935,6
0,False,weixin,0,weixin,normal,8936,16
0,False,weixin,0,weixin,normal,8940,4
0,False,weixin,0,weixin,normal,8941,2
0,False,weixin,0,None,normal,8943,1
2,True,weixin,0,weixin,normal,8944,4
0,False,weixin,0,weixin,new,8947,3
0,False,weixin,0,None,new,8951,1
0,False,weixin,0,weixin,normal,8952,22
0,True,weixin,3,weixin,normal,8954,10
0,False,weixin,0,weixin,new,8955,11
0,False,weixin,0,None,normal,8958,1
0,False,weixin,0,weixin,new,8963,8
0,False,weixin,0,None,normal,8964,1
0,False,weixin,0,weixin,new,8965,2
0,False,weixin,0,weixin,new,8968,2
0,True,ios,1,weixin,new,8971,3
0,False,weixin,0,weixin,normal,8975,3
0,False,weixin,0,weixin,normal,8977,3
0,False,weixin,0,weixin,new,8979,2
0,False,weixin,0,weixin,normal,8980,11
0,False,weixin,0,weixin,new,8981,27
0,False,weixin,0,None,normal,8982,1
0,False,weixin,0,weixin,normal,8986,35
0,False,weixin,0,weixin,new,8987,5
0,False,weixin,0,weixin,normal,8988,6
4,True,android,0,weixin,normal,8995,2
0,False,weixin,0,None,new,8996,1
0,False,weixin,0,None,normal,8997,1
0,False,weixin,0,weixin,normal,9000,5
0,False,weixin,0,None,new,9002,1
0,False,weixin,0,None,normal,9003,1
2,True,weixin,0,weixin,normal,9005,15
0,False,weixin,0,None,normal,9007,1
0,False,weixin,0,None,new,9008,1
0,False,weixin,0,None,new,9009,1
0,False,weixin,0,weixin,normal,9010,3
2,True,weixin,0,weixin,normal,9017,10
0,False,weixin,0,weixin,new,9019,3
0,False,weixin,0,weixin,normal,9021,4
0,False,weixin,0,weixin,new,9023,32
0,False,weixin,0,weixin,new,9033,2
0,False,weixin,0,weixin,normal,9038,8
0,False,weixin,0,weixin,normal,9039,10
0,False,weixin,0,weixin,normal,9040,2
0,False,weixin,0,weixin,new,9041,2
0,True,ios,2,weixin,normal,9042,4
0,False,weixin,0,weixin,normal,9043,2
0,False,weixin,0,None,normal,9044,1
0,False,weixin,0,weixin,normal,9046,15
0,False,weixin,0,weixin,normal,9049,7
0,False,weixin,0,None,new,9056,1
0,False,weixin,0,None,new,9057,1
0,False,weixin,0,weixin,normal,9061,17
0,False,weixin,0,weixin,normal,9062,3
0,False,weixin,0,None,normal,9064,1
0,False,weixin,0,weixin,normal,9068,17
0,False,weixin,0,weixin,normal,9069,2
0,False,weixin,0,weixin,normal,9074,12
0,False,weixin,0,weixin,normal,9075,5
0,False,weixin,0,None,normal,9077,1
0,False,weixin,0,weixin,new,9081,2
0,False,weixin,0,None,new,9084,1
0,False,weixin,0,weixin,normal,9085,48
0,False,weixin,0,weixin,normal,9088,42
0,False,weixin,0,None,normal,9089,1
0,False,weixin,0,weixin,new,9093,13
0,False,weixin,0,weixin,normal,9094,2
0,False,weixin,0,weixin,normal,9095,9
0,False,weixin,0,None,None,9098,1
0,False,weixin,0,None,new,9099,1
0,False,weixin,0,weixin,normal,9100,5
0,True,ios,1,weixin,normal,9101,3
0,False,weixin,0,weixin,new,9102,2
0,True,weixin,1,ios,normal,9104,2
0,False,weixin,0,weixin,normal,9106,3
0,False,weixin,0,None,normal,9115,1
0,False,weixin,0,None,normal,9116,1
0,False,weixin,0,weixin,normal,9119,39
0,False,weixin,0,weixin,new,9124,2
7,True,weixin,0,weixin,normal,9125,11
0,True,ios,6,weixin,normal,9126,1
0,False,weixin,0,weixin,new,9127,9
0,False,weixin,0,weixin,normal,9131,8
0,False,weixin,0,None,new,9133,1
0,False,weixin,0,weixin,normal,9134,8
0,False,weixin,0,None,new,9137,1
0,False,weixin,0,weixin,normal,9139,3
0,False,weixin,0,weixin,new,9140,2
0,False,weixin,0,weixin,normal,9141,3
0,True,ios,2,weixin,normal,9142,1
0,False,weixin,0,weixin,normal,9146,29
0,False,weixin,0,weixin,new,9149,4
0,False,weixin,0,None,new,9150,1
0,False,weixin,0,weixin,normal,9152,2
0,False,weixin,0,None,new,9155,1
0,False,weixin,0,weixin,normal,9156,25
0,False,weixin,0,None,new,9158,1
0,False,weixin,0,weixin,new,9163,5
0,False,weixin,0,weixin,new,9164,2
3,True,weixin,0,android,new,9166,8
0,False,weixin,0,weixin,normal,9169,18
0,False,weixin,0,None,new,9173,1
0,False,weixin,0,weixin,new,9174,5
0,False,weixin,0,weixin,new,9175,5
0,False,weixin,0,weixin,normal,9176,5
0,False,weixin,0,None,new,9177,1
0,False,weixin,0,weixin,normal,9178,10
0,False,weixin,0,weixin,normal,9179,2
0,False,weixin,0,weixin,normal,9180,8
2,True,weixin,0,weixin,normal,9181,4
0,False,weixin,0,weixin,normal,9184,18
0,False,weixin,0,None,new,9186,1
0,False,weixin,0,None,normal,9193,1
0,False,weixin,0,None,normal,9197,1
0,False,weixin,0,weixin,normal,9198,21
0,False,weixin,0,weixin,normal,9199,7
0,False,weixin,0,weixin,normal,9201,10
0,False,weixin,0,weixin,normal,9202,3
0,False,weixin,0,None,new,9203,1
0,False,weixin,0,weixin,normal,9204,21
0,False,weixin,0,weixin,normal,9205,10
0,False,weixin,0,None,new,9206,1
0,False,weixin,0,weixin,normal,9207,11
0,False,weixin,0,weixin,normal,9208,10
0,False,weixin,0,weixin,new,9209,2
0,False,weixin,0,weixin,disabled,9210,14
0,False,weixin,0,None,new,9211,1
0,False,weixin,0,weixin,normal,9212,6
0,False,weixin,0,None,new,9213,1
0,False,weixin,0,weixin,normal,9214,2
0,False,weixin,0,weixin,new,9216,7
0,False,weixin,0,None,normal,9217,1
0,False,weixin,0,weixin,new,9219,2
0,False,weixin,0,weixin,auditting,9221,2
0,False,weixin,0,weixin,normal,9223,4
0,False,weixin,0,None,normal,9224,1
0,False,weixin,0,weixin,new,9225,6
0,False,weixin,0,weixin,normal,9226,33
0,False,weixin,0,None,normal,9227,1
0,False,weixin,0,weixin,normal,9228,3
0,False,weixin,0,weixin,normal,9230,4
0,False,weixin,0,None,normal,9233,1
0,False,weixin,0,weixin,new,9234,24
0,False,weixin,0,weixin,normal,9235,5
0,False,weixin,0,weixin,normal,9236,2
0,False,weixin,0,None,new,9237,1
0,False,weixin,0,weixin,normal,9238,4
0,False,weixin,0,weixin,normal,9239,14
0,False,weixin,0,None,new,9241,1
0,False,weixin,0,weixin,normal,9244,7
0,False,weixin,0,None,new,9245,1
2,True,weixin,0,weixin,normal,9248,50
0,False,weixin,0,None,normal,9250,1
0,False,weixin,0,weixin,normal,9252,9
0,False,weixin,0,None,new,9253,1
0,False,weixin,0,weixin,new,9256,2
0,False,weixin,0,weixin,new,9258,2
0,False,weixin,0,None,new,9259,1
0,False,weixin,0,weixin,normal,9260,3
0,False,weixin,0,None,new,9262,1
0,False,weixin,0,None,normal,9263,1
0,False,weixin,0,None,new,9265,1
0,False,weixin,0,weixin,normal,9267,9
0,False,weixin,0,None,new,9268,1
0,False,weixin,0,weixin,normal,9270,5
0,False,weixin,0,weixin,normal,9271,3
0,False,weixin,0,weixin,normal,9272,5
2,True,weixin,0,android,normal,9273,20
0,False,weixin,0,None,new,9275,1
6,True,android,0,weixin,normal,9276,3
0,False,weixin,0,weixin,new,9278,2
0,False,weixin,0,weixin,normal,9280,3
4,True,android,0,android,normal,9281,2
0,False,weixin,0,weixin,new,9282,8
0,False,weixin,0,weixin,new,9283,5
0,False,weixin,0,weixin,new,9285,13
0,False,weixin,0,weixin,normal,9286,2
0,False,weixin,0,weixin,normal,9289,11
0,False,weixin,0,weixin,normal,9291,2
0,False,weixin,0,weixin,new,9293,4
0,False,weixin,0,weixin,normal,9295,45
0,False,weixin,0,weixin,new,9298,2
0,False,weixin,0,weixin,new,9301,4
0,False,weixin,0,weixin,normal,9305,5
0,False,weixin,0,weixin,normal,9306,4
0,False,weixin,0,weixin,normal,9308,3
0,False,weixin,0,None,normal,9310,1
0,False,weixin,0,weixin,normal,9311,8
0,False,weixin,0,weixin,normal,9312,3
0,False,weixin,0,weixin,new,9313,17
0,False,weixin,0,weixin,new,9314,4
0,False,weixin,0,weixin,normal,9315,8
0,False,weixin,0,weixin,normal,9316,23
0,False,weixin,0,weixin,new,9319,2
0,False,weixin,0,weixin,normal,9321,7
0,False,weixin,0,weixin,new,9322,3
0,False,weixin,0,None,new,9324,1
0,False,weixin,0,None,new,9325,1
0,False,weixin,0,None,new,9330,1
0,False,weixin,0,weixin,normal,9331,4
0,False,weixin,0,weixin,new,9332,7
0,False,weixin,0,None,new,9334,1
0,False,weixin,0,weixin,new,9335,2
0,False,weixin,0,weixin,normal,9336,26
0,False,weixin,0,None,new,9337,1
0,False,weixin,0,weixin,new,9338,2
0,False,weixin,0,None,normal,9340,1
0,False,weixin,0,None,normal,9342,1
0,False,weixin,0,weixin,normal,9343,3
0,False,weixin,0,weixin,normal,9345,3
0,False,weixin,0,weixin,new,9346,11
0,False,weixin,0,weixin,normal,9347,12
0,False,weixin,0,weixin,normal,9348,8
0,False,weixin,0,weixin,new,9350,3
0,False,weixin,0,None,normal,9352,1
2,True,android,0,weixin,normal,9354,4
0,False,weixin,0,None,new,9355,1
0,False,weixin,0,weixin,normal,9356,5
0,False,weixin,0,weixin,new,9359,3
0,False,weixin,0,weixin,normal,9360,9
0,False,weixin,0,None,new,9361,1
0,False,weixin,0,None,new,9364,1
0,False,weixin,0,weixin,normal,9365,3
1,False,android,0,None,new,9366,0
0,False,weixin,0,None,normal,9368,1
0,False,weixin,0,weixin,new,9369,9
0,False,weixin,0,weixin,normal,9370,9
0,False,weixin,0,None,new,9371,1
0,False,weixin,0,weixin,normal,9372,32
0,False,weixin,0,weixin,normal,9374,31
0,False,weixin,0,weixin,normal,9376,6
2,False,android,0,android,normal,9377,0
0,False,weixin,0,weixin,new,9378,11
0,False,weixin,0,weixin,normal,9380,92
0,False,weixin,0,weixin,normal,9381,4
0,False,weixin,0,weixin,new,9382,2
2,True,android,0,weixin,normal,9384,6
0,False,weixin,0,weixin,normal,9385,8
0,False,weixin,0,weixin,normal,9389,42
4,True,weixin,0,weixin,normal,9393,15
0,False,weixin,0,None,new,9397,1
0,False,weixin,0,weixin,new,9400,3
0,False,weixin,0,weixin,new,9401,8
0,False,weixin,0,weixin,new,9404,2
0,False,weixin,0,weixin,normal,9407,4
0,False,weixin,0,weixin,new,9410,6
0,False,weixin,0,weixin,normal,9414,3
0,False,weixin,0,weixin,normal,9415,18
0,False,weixin,0,weixin,new,9416,7
0,False,weixin,0,weixin,normal,9418,4
0,False,weixin,0,weixin,new,9419,3
0,False,weixin,0,weixin,normal,9421,26
0,False,weixin,0,weixin,new,9422,2
0,False,weixin,0,weixin,normal,9424,14
0,False,weixin,0,weixin,normal,9425,2
0,False,weixin,0,weixin,new,9426,5
0,False,weixin,0,weixin,normal,9427,14
0,False,weixin,0,weixin,normal,9428,17
0,False,weixin,0,weixin,normal,9430,5
0,False,weixin,0,weixin,new,9431,3
0,False,weixin,0,weixin,normal,9432,23
0,False,weixin,0,weixin,new,9435,3
0,False,weixin,0,weixin,normal,9438,2
0,False,weixin,0,weixin,normal,9439,20
0,False,weixin,0,weixin,normal,9440,5
0,False,ios,4,ios,normal,9441,0
0,False,weixin,0,None,new,9442,1
0,False,ios,1,None,new,9444,0
0,False,weixin,0,None,new,9446,1
0,False,ios,3,ios,new,9448,0
0,False,weixin,0,weixin,new,9449,2
0,False,weixin,0,None,new,9454,1
1,True,weixin,0,weixin,normal,9455,4
7,False,android,0,android,normal,9456,0
0,False,weixin,0,weixin,normal,9458,10
0,False,weixin,0,weixin,new,9459,4
0,False,weixin,0,weixin,new,9461,2
0,False,weixin,0,None,new,9463,1
0,False,ios,3,ios,new,9466,0
0,False,weixin,0,None,new,9468,1
0,False,weixin,0,None,new,9469,1
0,False,weixin,0,None,normal,9470,1
0,False,weixin,0,weixin,normal,9472,18
0,False,weixin,0,weixin,normal,9473,42
0,False,weixin,0,weixin,normal,9481,2
0,False,ios,8,ios,new,9490,0
0,False,weixin,0,None,normal,9499,1
0,False,weixin,0,weixin,normal,9511,267
0,False,ios,2,ios,new,9517,0
0,False,weixin,0,weixin,normal,9518,106
4,True,weixin,0,android,normal,9519,5
0,False,weixin,0,weixin,normal,9520,147
0,False,weixin,0,weixin,normal,9521,28
2,True,weixin,0,android,new,9523,1
4,True,weixin,0,weixin,normal,9524,3
0,True,ios,1,weixin,normal,9526,19
0,False,weixin,0,weixin,normal,9527,4
0,False,weixin,0,weixin,normal,9528,25
0,False,weixin,0,weixin,normal,9529,8
0,False,weixin,0,None,new,9530,1
2,True,weixin,0,android,normal,9532,3
0,False,ios,1,None,new,9534,0
0,False,weixin,0,weixin,normal,9535,6
0,False,weixin,0,weixin,normal,9537,3
0,True,ios,5,weixin,normal,9538,1
0,False,weixin,0,None,None,9545,1
0,False,weixin,0,weixin,normal,9551,6
0,True,weixin,1,weixin,normal,9557,11
0,False,weixin,0,weixin,new,9567,8
0,False,ios,1,None,new,9593,0
0,False,weixin,0,weixin,new,9599,2
0,False,weixin,0,weixin,normal,9605,5
8,True,weixin,0,android,new,9606,6
0,False,ios,1,None,new,9607,0
0,False,ios,1,None,new,9608,0
0,False,weixin,0,weixin,normal,9609,10
0,False,weixin,0,weixin,new,9610,8
0,False,weixin,0,weixin,normal,9614,2
0,False,weixin,0,None,normal,9616,1
2,True,weixin,0,android,normal,9622,6
0,False,weixin,0,weixin,normal,9624,2
0,False,weixin,0,weixin,normal,9628,3
0,False,weixin,0,None,new,9630,1
5,True,android,0,weixin,new,9631,3
0,False,weixin,0,weixin,normal,9639,5
8,True,android,0,weixin,normal,9647,42
26,False,android,0,android,new,9650,0
0,False,ios,2,ios,new,9651,0
0,False,ios,1,None,new,9652,0
0,False,ios,1,None,new,9661,0
0,False,weixin,0,None,new,9662,1
6,True,weixin,0,weixin,normal,9664,28
0,False,weixin,0,weixin,new,9667,14
0,False,weixin,0,None,new,9670,1
0,False,weixin,0,weixin,normal,9671,2
6,True,android,0,weixin,normal,9673,6
0,True,ios,1,weixin,normal,9678,12
4,True,android,12,android,normal,9680,0
0,False,ios,1,None,new,9682,0
0,False,ios,1,None,new,9687,0
2,False,android,0,android,new,9690,0
0,False,weixin,0,None,new,9692,1
0,False,ios,3,ios,new,9696,0
2,False,android,0,android,new,9697,0
0,False,weixin,0,weixin,normal,9700,11
2,False,android,0,android,normal,9701,0
0,False,weixin,0,None,disabled,9706,1
0,False,weixin,0,weixin,normal,9707,2
0,False,ios,1,None,new,9709,0
0,False,weixin,0,weixin,new,9710,9
0,True,weixin,2,weixin,normal,9711,61
0,False,ios,3,ios,normal,9716,0
4,True,android,0,weixin,normal,9718,9
0,False,weixin,0,weixin,normal,9722,3
0,False,weixin,0,weixin,normal,9723,13
0,False,ios,1,None,new,9724,0
0,False,weixin,0,weixin,new,9725,4
0,False,weixin,0,weixin,normal,9728,5
0,False,weixin,0,weixin,normal,9730,6
0,False,weixin,0,weixin,normal,9731,33
0,False,weixin,0,weixin,normal,9734,84
3,False,android,0,android,new,9738,0
0,False,weixin,0,weixin,normal,9739,2
2,False,android,0,android,new,9742,0
2,False,android,0,android,normal,9748,0
0,False,weixin,0,weixin,normal,9752,2
1,True,weixin,0,weixin,normal,9754,18
0,False,ios,1,None,new,9755,0
0,False,ios,1,None,new,9756,0
4,True,weixin,0,weixin,new,9759,2
0,False,ios,1,None,new,9761,0
1,False,android,0,None,normal,9764,0
2,False,android,0,android,normal,9766,0
2,True,weixin,0,weixin,normal,9767,4
0,False,weixin,0,weixin,normal,9774,19
0,False,weixin,0,None,normal,9775,1
0,False,weixin,0,weixin,normal,9778,24
0,False,weixin,0,weixin,normal,9779,8
19,False,android,0,android,new,9780,0
0,False,weixin,0,None,new,9782,1
1,False,android,0,None,new,9790,0
0,False,weixin,0,weixin,normal,9791,29
0,False,ios,1,None,new,9793,0
0,False,ios,5,ios,new,9796,0
0,False,weixin,0,weixin,normal,9797,3
0,False,weixin,0,None,new,9800,1
0,False,weixin,0,weixin,normal,9801,8
2,False,android,0,android,new,9802,0
0,False,ios,2,ios,new,9803,0
0,False,weixin,0,weixin,normal,9805,48
2,False,android,0,android,new,9806,0
0,False,weixin,0,weixin,normal,9808,4
0,False,weixin,0,weixin,normal,9811,2
0,False,weixin,0,weixin,normal,9814,5
2,False,android,0,android,new,9820,0
2,False,android,0,android,new,9830,0
0,False,weixin,0,weixin,normal,9831,8
0,False,weixin,0,None,new,9833,1
0,False,weixin,0,weixin,normal,9835,2
0,False,weixin,0,None,normal,9836,1
0,False,weixin,0,weixin,normal,9839,2
0,False,weixin,0,weixin,normal,9845,43
0,False,weixin,0,weixin,normal,9846,7
0,False,weixin,0,None,new,9847,1
0,False,weixin,0,None,new,9848,1
0,False,weixin,0,weixin,normal,9850,10
0,False,ios,4,ios,normal,9852,0
0,False,weixin,0,weixin,normal,9855,9
0,False,ios,3,ios,normal,9857,0
4,False,android,0,android,normal,9859,0
0,False,weixin,0,weixin,normal,9860,4
0,False,weixin,0,weixin,normal,9865,4
0,False,weixin,0,weixin,normal,9866,3
0,False,weixin,0,weixin,normal,9869,31
4,True,android,0,weixin,normal,9870,2
0,False,weixin,0,weixin,normal,9873,4
0,False,ios,1,None,new,9874,0
0,True,weixin,1,weixin,normal,9876,8
0,False,weixin,0,weixin,new,9883,3
0,True,ios,1,weixin,new,9884,3
0,False,weixin,0,weixin,normal,9885,10
1,False,android,0,None,new,9887,0
0,False,weixin,0,weixin,normal,9889,13
5,False,android,0,android,new,9890,0
2,False,android,0,android,normal,9891,0
0,False,weixin,0,weixin,normal,9897,93
0,False,weixin,0,weixin,normal,9898,27
10,True,android,0,weixin,normal,9900,2
0,False,weixin,0,weixin,normal,9901,4
0,False,weixin,0,weixin,new,9902,2
2,False,android,0,android,normal,9903,0
0,False,weixin,0,weixin,new,9904,2
0,False,weixin,0,weixin,normal,9905,6
0,False,weixin,0,weixin,new,9906,2
0,False,weixin,0,weixin,normal,9907,5
5,False,android,0,android,new,9910,0
0,False,ios,1,None,new,9914,0
0,False,weixin,0,None,new,9916,1
0,False,weixin,0,weixin,normal,9918,9
0,False,weixin,0,weixin,new,9919,4
2,True,android,0,weixin,new,9921,1
0,True,weixin,3,ios,normal,9928,10
9,True,weixin,0,weixin,normal,9929,9
4,True,weixin,0,weixin,new,9932,5
2,True,android,0,weixin,normal,9933,5
0,False,weixin,0,weixin,normal,9935,2
0,False,weixin,0,weixin,normal,9937,3
0,False,weixin,0,weixin,normal,9938,23
0,False,weixin,0,weixin,normal,9939,63
0,False,weixin,0,weixin,normal,9941,6
0,False,weixin,0,weixin,normal,9946,8
0,False,weixin,0,weixin,new,9949,5
0,False,weixin,0,weixin,normal,9951,2
0,False,weixin,0,weixin,normal,9955,10
0,False,weixin,0,weixin,new,9956,8
0,False,weixin,0,weixin,new,9957,2
0,False,weixin,0,weixin,normal,9958,4
0,False,weixin,0,weixin,normal,9959,21
4,True,android,1,android,normal,9963,0
6,True,weixin,0,android,new,9969,5
0,False,weixin,0,weixin,normal,9970,13
0,False,weixin,0,weixin,new,9974,2
13,True,weixin,0,android,normal,9975,2
2,False,android,0,android,new,9976,0
0,True,ios,4,weixin,normal,9977,4
0,False,weixin,0,weixin,new,9978,4
0,False,weixin,0,weixin,new,9983,4
0,False,weixin,0,weixin,normal,9984,5
0,False,weixin,0,None,new,9987,1
0,False,weixin,0,weixin,new,9988,2
0,False,weixin,0,weixin,normal,9989,4
0,False,weixin,0,weixin,new,9990,2
0,False,weixin,0,weixin,new,9992,2
0,False,weixin,0,weixin,new,9993,2
0,False,weixin,0,weixin,normal,9994,25
0,False,weixin,0,weixin,normal,10004,4
19,True,weixin,0,android,normal,10005,34
13,True,android,0,android,normal,10006,18
0,False,weixin,0,weixin,normal,10007,3
0,False,weixin,0,weixin,normal,10011,84
16,False,android,0,android,new,10016,0
0,False,weixin,0,weixin,auditting,10020,16
4,False,android,0,android,new,10022,0
0,False,weixin,0,weixin,normal,10031,61
0,False,weixin,0,weixin,normal,10034,9
0,False,weixin,0,weixin,normal,10037,4
0,False,weixin,0,weixin,normal,10038,8
0,False,weixin,0,weixin,new,10039,27
0,False,weixin,0,weixin,normal,10041,5
0,False,weixin,0,None,new,10042,1
0,False,weixin,0,weixin,normal,10044,3
2,True,weixin,0,weixin,normal,10045,9
0,False,weixin,0,None,new,10046,1
0,False,weixin,0,None,normal,10048,1
0,False,weixin,0,weixin,normal,10049,113
0,False,weixin,0,None,new,10050,1
0,False,weixin,0,weixin,new,10051,3
0,False,weixin,0,None,new,10054,1
0,False,weixin,0,weixin,normal,10056,63
0,False,weixin,0,weixin,new,10059,4
0,False,weixin,0,weixin,new,10060,3
0,False,weixin,0,weixin,normal,10062,10
0,False,weixin,0,weixin,normal,10065,4
0,False,weixin,0,None,new,10066,1
37,False,android,0,android,new,10068,0
0,False,weixin,0,None,normal,10069,1
2,False,android,0,android,normal,10070,0
4,False,android,0,android,normal,10071,0
18,False,android,0,android,normal,10074,0
0,False,weixin,0,weixin,new,10079,4
0,False,weixin,0,weixin,new,10080,16
0,False,weixin,0,weixin,new,10081,3
0,False,weixin,0,None,normal,10084,1
2,False,android,0,android,normal,10085,0
0,False,weixin,0,weixin,new,10087,2
0,False,weixin,0,None,new,10088,1
0,False,weixin,0,weixin,normal,10089,8
0,False,weixin,0,weixin,new,10090,2
0,False,weixin,0,weixin,new,10092,7
2,False,android,0,android,new,10099,0
0,False,weixin,0,weixin,normal,10101,32
0,False,weixin,0,weixin,normal,10103,4
0,False,weixin,0,weixin,new,10105,3
0,False,weixin,0,weixin,normal,10107,23
0,False,weixin,0,weixin,normal,10108,47
0,False,weixin,0,weixin,normal,10109,11
0,False,ios,2,ios,normal,10110,0
0,False,weixin,0,None,normal,10114,1
4,False,android,0,android,normal,10116,0
0,True,weixin,1,ios,new,10117,1
0,False,weixin,0,weixin,normal,10118,36
4,False,android,0,android,new,10120,0
0,False,weixin,0,weixin,normal,10121,5
0,False,weixin,0,None,new,10122,1
0,False,weixin,0,weixin,normal,10123,27
0,False,weixin,0,weixin,normal,10124,15
0,False,weixin,0,weixin,normal,10128,49
0,False,weixin,0,weixin,normal,10130,14
0,False,weixin,0,weixin,new,10133,3
0,False,weixin,0,weixin,new,10134,3
0,False,weixin,0,weixin,normal,10138,11
0,False,weixin,0,weixin,normal,10140,3
0,False,weixin,0,None,new,10141,1
0,False,weixin,0,weixin,new,10143,3
0,False,weixin,0,weixin,new,10148,2
0,False,weixin,0,weixin,normal,10150,6
0,False,weixin,0,None,new,10153,1
0,False,weixin,0,weixin,normal,10158,6
0,False,weixin,0,None,new,10163,1
3,False,android,0,android,normal,10165,0
0,False,weixin,0,weixin,normal,10166,3
0,False,weixin,0,weixin,normal,10168,3
0,False,weixin,0,None,new,10169,1
2,False,android,0,android,new,10170,0
0,False,weixin,0,weixin,new,10171,2
0,False,weixin,0,weixin,normal,10173,23
0,False,weixin,0,None,new,10182,1
0,False,weixin,0,weixin,normal,10183,4
0,False,weixin,0,weixin,new,10185,8
0,False,weixin,0,weixin,new,10186,4
0,False,weixin,0,None,new,10189,1
0,False,weixin,0,None,new,10191,1
0,False,weixin,0,weixin,normal,10193,26
0,False,weixin,0,weixin,normal,10194,6
0,False,weixin,0,weixin,normal,10196,14
0,False,weixin,0,weixin,new,10199,3
0,False,weixin,0,None,None,10200,1
0,False,weixin,0,weixin,normal,10203,9
0,False,weixin,0,None,new,10204,1
0,False,weixin,0,weixin,new,10205,8
0,False,weixin,0,weixin,new,10206,5
0,False,weixin,0,None,new,10207,1
0,False,weixin,0,weixin,new,10208,3
0,False,weixin,0,weixin,normal,10211,18
6,True,android,0,weixin,normal,10212,5
0,False,weixin,0,weixin,new,10213,5
2,False,android,0,android,new,10214,0
5,False,android,0,android,new,10227,0
4,False,android,0,android,new,10229,0
0,False,weixin,0,weixin,new,10232,2
0,False,weixin,0,weixin,normal,10233,3
0,False,weixin,0,weixin,new,10235,6
0,False,weixin,0,weixin,normal,10236,4
0,False,weixin,0,weixin,new,10242,7
0,False,weixin,0,weixin,new,10243,5
2,True,weixin,0,weixin,normal,10246,10
0,False,weixin,0,weixin,new,10248,5
0,False,weixin,0,weixin,normal,10250,4
0,False,weixin,0,weixin,new,10251,9
0,False,weixin,0,weixin,new,10252,4
0,False,weixin,0,weixin,normal,10253,23
0,False,weixin,0,weixin,normal,10255,16
2,True,weixin,0,weixin,normal,10257,3
0,False,weixin,0,weixin,new,10258,3
0,False,weixin,0,weixin,new,10259,6
0,False,weixin,0,weixin,normal,10260,7
0,False,weixin,0,weixin,new,10263,3
0,False,weixin,0,weixin,normal,10264,2
2,False,android,0,android,new,10267,0
0,False,weixin,0,weixin,normal,10268,17
0,False,weixin,0,weixin,new,10273,2
0,False,weixin,0,None,new,10276,1
0,False,weixin,0,weixin,new,10277,2
0,False,weixin,0,weixin,new,10278,2
0,False,weixin,0,weixin,normal,10279,6
0,False,weixin,0,weixin,normal,10282,4
0,False,weixin,0,weixin,new,10284,2
2,True,weixin,0,weixin,new,10290,4
0,False,ios,1,None,new,10291,0
0,False,weixin,0,weixin,normal,10303,60
0,False,weixin,0,weixin,normal,10305,4
0,False,weixin,0,weixin,new,10306,4
0,False,weixin,0,weixin,new,10308,8
0,False,weixin,0,weixin,normal,10312,4
0,False,weixin,0,weixin,new,10313,12
0,False,weixin,0,weixin,normal,10316,10
0,False,weixin,0,None,new,10318,1
0,False,weixin,0,weixin,normal,10319,8
0,False,weixin,0,None,new,10322,1
0,False,weixin,0,None,new,10324,1
2,True,weixin,0,weixin,normal,10325,3
0,False,weixin,0,weixin,normal,10326,4
0,False,weixin,0,weixin,new,10327,6
0,False,weixin,0,weixin,normal,10328,3
0,False,weixin,0,None,new,10330,1
0,False,weixin,0,weixin,normal,10331,10
0,False,weixin,0,weixin,normal,10333,14
0,False,weixin,0,weixin,new,10334,5
0,False,weixin,0,weixin,new,10337,5
0,False,weixin,0,weixin,new,10339,6
0,False,ios,2,ios,normal,10340,0
0,False,weixin,0,weixin,new,10342,4
0,False,ios,2,ios,normal,10344,0
0,False,weixin,0,weixin,normal,10348,5
2,False,android,0,android,normal,10351,0
0,False,weixin,0,weixin,normal,10355,10
0,False,ios,2,ios,new,10356,0
0,False,weixin,0,weixin,normal,10358,10
0,False,weixin,0,weixin,new,10359,5
0,False,weixin,0,weixin,normal,10360,4
0,False,weixin,0,None,new,10362,1
0,False,weixin,0,weixin,normal,10363,46
0,False,weixin,0,weixin,new,10364,6
0,False,weixin,0,weixin,new,10367,9
0,False,weixin,0,weixin,new,10369,3
0,False,weixin,0,weixin,new,10370,27
0,False,ios,3,ios,new,10372,0
2,False,android,0,android,new,10373,0
0,False,weixin,0,weixin,new,10374,3
0,False,weixin,0,weixin,new,10375,2
12,True,weixin,0,weixin,normal,10376,32
0,False,weixin,0,weixin,new,10377,4
0,False,weixin,0,None,new,10378,1
0,False,weixin,0,weixin,new,10380,2
0,False,weixin,0,weixin,normal,10381,13
0,False,weixin,0,weixin,new,10384,11
0,False,weixin,0,weixin,new,10386,7
0,False,weixin,0,weixin,new,10387,3
0,False,weixin,0,weixin,normal,10388,3
0,False,weixin,0,weixin,normal,10390,5
4,True,android,0,weixin,normal,10393,1
0,False,weixin,0,weixin,new,10394,7
0,False,weixin,0,None,normal,10395,1
2,False,android,0,android,normal,10396,0
1,False,android,0,None,new,10397,0
0,False,ios,4,ios,new,10398,0
0,False,weixin,0,weixin,new,10399,2
22,True,weixin,32,ios,normal,10400,18
0,False,weixin,0,weixin,normal,10402,8
0,False,weixin,0,weixin,normal,10405,3
2,True,weixin,0,weixin,normal,10406,12
2,True,android,0,weixin,normal,10407,10
0,False,weixin,0,weixin,normal,10408,33
2,False,android,0,android,normal,10414,0
0,False,ios,2,ios,new,10416,0
2,False,android,0,android,new,10417,0
0,False,weixin,0,weixin,new,10419,8
0,False,weixin,0,weixin,new,10420,5
0,False,weixin,0,weixin,new,10423,8
7,False,android,0,android,new,10425,0
0,False,weixin,0,None,new,10429,1
0,False,weixin,0,weixin,new,10430,2
8,True,android,0,weixin,normal,10432,3
0,False,weixin,0,None,new,10434,1
0,False,weixin,0,weixin,new,10435,4
0,False,weixin,0,None,new,10437,1
0,False,weixin,0,weixin,new,10438,17
0,False,weixin,0,None,new,10440,1
0,False,weixin,0,weixin,new,10441,2
3,False,android,0,android,new,10443,0
0,False,weixin,0,weixin,normal,10444,4
2,True,weixin,0,weixin,normal,10449,4
0,False,weixin,0,None,normal,10450,1
0,False,weixin,0,weixin,new,10451,6
0,False,weixin,0,weixin,normal,10452,7
0,False,weixin,0,weixin,normal,10453,9
0,False,weixin,0,weixin,normal,10454,6
2,False,android,0,android,new,10462,0
0,False,weixin,0,weixin,normal,10465,2
0,False,weixin,0,weixin,normal,10466,4
0,False,weixin,0,None,normal,10468,1
0,False,weixin,0,weixin,new,10471,4
2,True,weixin,0,android,new,10472,2
0,False,weixin,0,None,new,10475,1
2,False,android,0,android,normal,10476,0
0,False,weixin,0,weixin,normal,10479,6
0,False,weixin,0,None,normal,10486,1
0,False,weixin,0,weixin,new,10487,6
0,False,weixin,0,weixin,new,10488,2
0,False,weixin,0,weixin,new,10490,6
0,False,weixin,0,weixin,normal,10493,12
0,False,weixin,0,None,new,10497,1
0,False,weixin,0,weixin,new,10500,5
0,False,weixin,0,weixin,normal,10501,19
0,False,weixin,0,weixin,normal,10503,7
0,False,weixin,0,weixin,normal,10504,2
0,False,weixin,0,weixin,new,10505,12
0,False,weixin,0,None,None,10506,1
0,False,weixin,0,weixin,normal,10508,6
0,False,weixin,0,None,new,10509,1
0,False,weixin,0,weixin,normal,10510,3
0,False,ios,2,ios,new,10513,0
0,False,weixin,0,weixin,normal,10515,25
0,False,weixin,0,weixin,normal,10517,29
0,False,weixin,0,weixin,normal,10522,9
0,False,weixin,0,weixin,normal,10524,3
0,False,weixin,0,weixin,new,10528,4
0,False,weixin,0,weixin,new,10533,2
0,False,weixin,0,weixin,new,10541,2
0,False,weixin,0,weixin,new,10542,3
0,False,weixin,0,weixin,new,10544,2
0,False,weixin,0,weixin,normal,10545,5
0,True,weixin,31,ios,normal,10546,8
0,False,weixin,0,None,new,10548,1
0,False,weixin,0,weixin,normal,10549,8
0,False,weixin,0,weixin,normal,10550,3
0,False,weixin,0,weixin,normal,10551,34
0,False,weixin,0,None,new,10552,1
2,True,weixin,0,weixin,normal,10554,19
0,False,ios,1,None,new,10557,0
0,True,weixin,26,ios,normal,10559,5
2,False,android,0,android,normal,10567,0
0,False,weixin,0,weixin,normal,10568,23
0,False,weixin,0,None,new,10571,1
0,False,weixin,0,weixin,normal,10572,9
0,False,weixin,0,None,new,10573,1
0,False,weixin,0,weixin,normal,10574,8
0,False,weixin,0,weixin,normal,10575,26
0,False,ios,7,ios,new,10576,0
12,True,android,0,weixin,normal,10578,41
0,False,weixin,0,weixin,new,10583,3
0,False,weixin,0,None,new,10584,1
0,False,weixin,0,weixin,normal,10585,42
0,False,weixin,0,weixin,new,10587,3
0,False,weixin,0,None,new,10588,1
0,False,weixin,0,weixin,new,10591,5
0,False,weixin,0,weixin,new,10593,2
0,False,weixin,0,weixin,normal,10595,48
0,False,ios,1,None,new,10596,0
0,False,weixin,0,weixin,new,10597,3
0,False,ios,3,ios,new,10598,0
0,False,weixin,0,weixin,normal,10601,26
0,True,weixin,1,weixin,normal,10603,15
0,False,weixin,0,weixin,normal,10604,2
2,True,weixin,0,weixin,normal,10612,7
0,False,weixin,0,None,new,10614,1
0,False,weixin,0,weixin,normal,10616,20
0,False,weixin,0,weixin,normal,10617,48
4,False,android,0,android,normal,10618,0
10,True,weixin,0,android,normal,10619,2
0,False,ios,13,ios,normal,10622,0
0,False,weixin,0,weixin,normal,10623,15
0,False,weixin,0,weixin,normal,10628,9
0,False,weixin,0,None,new,10634,1
20,False,android,0,android,new,10635,0
2,True,android,0,weixin,normal,10636,153
0,False,weixin,0,weixin,normal,10640,2
0,False,weixin,0,None,new,10641,1
0,False,weixin,0,weixin,new,10642,2
0,False,weixin,0,weixin,normal,10643,3
0,False,weixin,0,weixin,normal,10644,9
0,False,weixin,0,weixin,new,10645,2
0,False,weixin,0,weixin,normal,10646,2
0,False,ios,1,None,new,10649,0
6,False,android,0,android,normal,10652,0
0,False,weixin,0,weixin,new,10653,2
3,False,android,0,android,new,10655,0
0,False,weixin,0,weixin,new,10656,4
0,False,weixin,0,None,None,10657,1
0,False,weixin,0,None,new,10658,1
17,False,android,0,android,normal,10663,0
0,False,weixin,0,weixin,normal,10664,3
0,False,weixin,0,weixin,normal,10666,30
0,False,weixin,0,None,None,10675,1
0,False,weixin,0,weixin,new,10678,10
0,False,weixin,0,None,new,10680,1
0,False,weixin,0,None,new,10682,1
0,False,weixin,0,weixin,new,10684,5
0,False,weixin,0,weixin,normal,10686,4
0,False,weixin,0,weixin,new,10694,6
0,False,weixin,0,weixin,normal,10697,4
0,False,weixin,0,None,None,10699,1
3,True,weixin,0,weixin,normal,10702,17
0,False,weixin,0,weixin,new,10704,2
0,False,weixin,0,weixin,normal,10708,4
0,False,weixin,0,weixin,new,10709,3
0,False,weixin,0,weixin,new,10714,5
3,False,android,0,android,normal,10719,0
0,False,weixin,0,None,new,10721,1
6,False,android,0,android,new,10722,0
0,False,weixin,0,None,new,10726,1
0,False,weixin,0,weixin,new,10734,7
0,False,weixin,0,weixin,normal,10735,27
0,False,weixin,0,weixin,new,10738,10
0,False,weixin,0,None,new,10739,1
0,True,weixin,9,weixin,normal,10741,5
0,False,weixin,0,weixin,new,10742,6
0,False,weixin,0,weixin,new,10747,6
4,True,weixin,0,weixin,new,10749,14
0,False,ios,4,ios,new,10750,0
6,False,android,0,android,new,10751,0
0,False,weixin,0,weixin,new,10757,28
0,True,weixin,1,weixin,normal,10758,10
8,True,weixin,0,weixin,normal,10764,10
0,False,weixin,0,weixin,normal,10765,43
0,False,weixin,0,weixin,normal,10768,20
0,False,weixin,0,weixin,normal,10772,10
0,False,ios,1,None,new,10778,0
0,False,weixin,0,weixin,new,10779,2
1,False,android,0,None,new,10781,0
0,False,weixin,0,weixin,normal,10786,4
0,False,weixin,0,weixin,new,10788,4
0,False,weixin,0,weixin,normal,10789,4
0,False,weixin,0,weixin,new,10790,2
2,True,android,0,weixin,new,10793,1
0,False,weixin,0,None,None,10799,1
2,True,weixin,0,android,normal,10802,4
0,False,weixin,0,weixin,normal,10804,13
1,False,android,0,None,new,10809,0
0,False,ios,2,ios,new,10810,0
10,True,weixin,0,android,normal,10816,3
1,False,android,0,None,new,10826,0
0,False,weixin,0,weixin,new,10828,4
0,False,weixin,0,weixin,normal,10829,23
0,False,ios,5,ios,new,10831,0
0,False,weixin,0,weixin,normal,10838,32
0,False,ios,5,ios,normal,10841,0
0,False,weixin,0,None,None,10842,1
0,False,weixin,0,weixin,new,10844,3
0,False,weixin,0,weixin,new,10853,2
0,False,weixin,0,weixin,normal,10856,5
0,False,weixin,0,weixin,normal,10858,12
4,True,android,0,weixin,normal,10859,5
0,False,weixin,0,weixin,new,10860,7
0,False,weixin,0,weixin,normal,10865,6
0,False,weixin,0,weixin,new,10871,6
4,True,weixin,0,weixin,normal,10872,7
0,False,weixin,0,weixin,normal,10875,14
0,False,ios,4,ios,new,10877,0
0,False,weixin,0,weixin,new,10878,3
0,False,weixin,0,weixin,normal,10883,2
0,False,weixin,0,weixin,normal,10887,24
2,False,android,0,android,normal,10888,0
2,True,weixin,0,weixin,normal,10889,2
0,False,weixin,0,weixin,normal,10890,5
0,False,weixin,0,weixin,normal,10894,55
1,False,android,0,None,new,10896,0
0,False,weixin,0,weixin,normal,10897,4
0,False,ios,10,ios,new,10900,0
0,False,weixin,0,None,new,10901,1
22,True,android,0,android,normal,10905,2
0,False,weixin,0,weixin,new,10906,2
0,False,weixin,0,weixin,normal,10907,9
0,False,weixin,0,weixin,normal,10914,18
0,False,weixin,0,weixin,normal,10915,2
0,False,weixin,0,weixin,normal,10916,6
2,False,android,0,android,new,10919,0
2,True,android,0,weixin,normal,10922,17
0,False,weixin,0,weixin,normal,10926,5
1,False,android,0,None,new,10928,0
4,True,weixin,0,android,new,10933,2
0,False,weixin,0,weixin,normal,10934,14
0,False,weixin,0,weixin,normal,10939,3
0,False,weixin,0,weixin,normal,10941,9
0,False,weixin,0,weixin,new,10942,2
0,False,weixin,0,weixin,normal,10945,40
6,False,android,0,android,normal,10947,0
0,False,weixin,0,None,new,10948,1
0,False,ios,1,None,normal,10949,0
0,False,ios,4,ios,normal,10954,0
0,False,weixin,0,weixin,new,10957,4
0,False,ios,4,ios,new,10962,0
0,False,weixin,0,None,new,10964,1
3,False,android,0,android,new,10966,0
6,False,android,0,android,new,10968,0
0,False,weixin,0,weixin,normal,10970,8
0,False,weixin,0,None,new,10971,1
2,True,weixin,0,android,normal,10972,1
0,False,weixin,0,None,new,10975,1
0,True,weixin,1,weixin,normal,10977,7
0,False,weixin,0,weixin,normal,10982,13
0,False,weixin,0,None,new,10985,1
0,False,weixin,0,weixin,new,10986,3
2,True,weixin,0,weixin,normal,10987,9
0,False,weixin,0,None,new,10988,1
2,True,weixin,0,weixin,normal,10991,20
0,False,weixin,0,None,new,10992,1
0,False,weixin,0,None,new,10993,1
6,False,android,0,android,normal,10995,0
0,False,weixin,0,weixin,normal,10997,13
0,False,weixin,0,weixin,normal,11002,21
0,False,weixin,0,weixin,new,11006,30
0,False,weixin,0,weixin,normal,11009,5
2,True,weixin,0,android,normal,11011,19
0,False,weixin,0,None,new,11012,1
9,True,weixin,0,android,normal,11013,5
0,False,weixin,0,weixin,normal,11016,39
0,False,weixin,0,weixin,normal,11028,29
0,False,weixin,0,weixin,normal,11029,7
2,True,android,0,weixin,normal,11031,3
0,False,weixin,0,weixin,new,11036,3
0,False,weixin,0,None,new,11040,1
0,False,weixin,0,weixin,new,11041,2
0,False,ios,2,ios,new,11042,0
0,False,weixin,0,weixin,normal,11044,7
0,False,weixin,0,weixin,new,11047,5
0,False,weixin,0,weixin,new,11051,2
0,False,weixin,0,weixin,new,11052,2
2,True,android,2,ios,normal,11054,0
2,False,android,0,android,normal,11056,0
0,False,weixin,0,None,new,11060,1
4,False,android,0,android,normal,11063,0
7,False,android,0,android,new,11064,0
5,False,android,0,android,new,11065,0
0,False,weixin,0,weixin,new,11069,4
14,True,weixin,0,weixin,normal,11070,8
4,False,android,0,android,normal,11076,0
0,False,weixin,0,weixin,normal,11080,5
0,False,weixin,0,weixin,normal,11081,5
0,False,weixin,0,weixin,normal,11083,4
8,False,android,0,android,new,11085,0
0,False,weixin,0,None,new,11087,1
0,True,ios,2,weixin,normal,11088,1
0,False,weixin,0,None,new,11089,1
0,False,weixin,0,None,new,11090,1
2,True,android,12,ios,normal,11091,0
0,False,weixin,0,None,new,11094,1
0,False,weixin,0,weixin,new,11095,4
0,False,weixin,0,weixin,normal,11102,55
2,False,android,0,android,normal,11103,0
0,False,weixin,0,weixin,normal,11109,5
4,False,android,0,android,normal,11110,0
0,False,weixin,0,None,None,11114,1
0,False,weixin,0,None,new,11116,1
0,False,ios,4,ios,normal,11121,0
0,False,weixin,0,weixin,normal,11124,12
2,False,android,0,android,normal,11139,0
0,False,weixin,0,None,new,11140,1
0,False,ios,2,ios,normal,11142,0
0,False,weixin,0,weixin,normal,11144,5
6,False,android,0,android,normal,11149,0
0,False,weixin,0,weixin,normal,11156,6
0,False,weixin,0,weixin,new,11160,6
0,False,weixin,0,weixin,new,11162,15
0,False,ios,25,ios,new,11163,0
0,False,weixin,0,None,new,11164,1
4,False,android,0,android,new,11174,0
12,False,android,0,android,new,11180,0
0,False,weixin,0,weixin,normal,11186,3
0,False,weixin,0,weixin,normal,11188,4
0,False,ios,6,ios,normal,11191,0
18,False,android,0,android,new,11193,0
0,False,weixin,0,None,normal,11196,1
0,False,ios,7,ios,normal,11198,0
2,False,android,0,android,normal,11208,0
0,False,weixin,0,weixin,None,11213,7
0,False,weixin,0,weixin,normal,11219,7
0,False,weixin,0,weixin,normal,11220,4
0,False,weixin,0,weixin,normal,11221,3
0,False,weixin,0,weixin,normal,11222,15
0,False,weixin,0,None,None,11225,1
0,False,weixin,0,weixin,normal,11229,3
0,False,weixin,0,weixin,normal,11231,3
0,False,ios,2,ios,normal,11232,0
0,False,ios,2,ios,new,11234,0
0,False,weixin,0,weixin,new,11237,10
4,False,android,0,android,normal,11238,0
0,False,weixin,0,weixin,normal,11239,6
0,False,weixin,0,weixin,new,11244,2
0,False,weixin,0,weixin,new,11245,2
0,False,weixin,0,weixin,normal,11246,19
0,False,ios,1,None,normal,11247,0
0,False,weixin,0,weixin,new,11254,3
0,False,weixin,0,None,new,11256,1
2,True,weixin,0,weixin,normal,11261,9
0,False,weixin,0,weixin,new,11262,2
0,False,weixin,0,weixin,normal,11269,13
4,False,android,0,android,normal,11270,0
0,False,weixin,0,None,new,11271,1
0,False,weixin,0,weixin,normal,11274,5
0,False,weixin,0,weixin,new,11283,3
0,False,weixin,0,None,None,11286,1
0,False,weixin,0,None,normal,11287,1
2,False,android,0,android,new,11288,0
0,True,weixin,2,ios,normal,11289,2
0,False,ios,12,ios,normal,11290,0
2,False,android,0,android,normal,11292,0
0,False,weixin,0,weixin,normal,11294,6
0,False,weixin,0,None,new,11297,1
0,False,ios,3,ios,normal,11298,0
0,False,weixin,0,weixin,normal,11300,28
0,False,weixin,0,weixin,new,11303,2
24,False,android,0,android,normal,11304,0
0,False,weixin,0,weixin,normal,11306,3
0,False,ios,2,ios,normal,11309,0
0,False,weixin,0,weixin,normal,11311,5
0,False,weixin,0,None,new,11312,1
0,False,weixin,0,weixin,normal,11313,7
0,False,weixin,0,None,normal,11321,1
0,False,weixin,0,weixin,new,11327,2
0,False,weixin,0,weixin,new,11332,4
10,True,weixin,0,android,normal,11334,8
0,False,weixin,0,weixin,normal,11336,6
0,False,weixin,0,weixin,new,11339,2
2,True,weixin,0,weixin,normal,11342,5
0,False,weixin,0,None,new,11343,1
0,False,weixin,0,weixin,new,11350,15
2,False,android,0,android,normal,11353,0
0,False,weixin,0,None,normal,11356,1
2,False,android,0,android,normal,11357,0
0,False,weixin,0,weixin,normal,11361,15
0,False,weixin,0,weixin,normal,11362,2
2,False,android,0,android,new,11364,0
0,False,ios,3,ios,new,11365,0
0,False,weixin,0,weixin,new,11367,4
0,False,weixin,0,weixin,normal,11368,6
0,False,weixin,0,weixin,new,11373,5
0,False,weixin,0,weixin,normal,11375,17
0,False,weixin,0,weixin,normal,11376,6
0,False,weixin,0,weixin,new,11378,6
0,False,ios,1,None,new,11384,0
0,False,ios,1,None,normal,11391,0
0,False,weixin,0,weixin,normal,11393,5
16,True,android,0,weixin,normal,11396,12
2,False,android,0,android,normal,11400,0
0,False,weixin,0,weixin,new,11403,3
2,False,android,0,android,normal,11404,0
2,False,android,0,android,new,11406,0
0,False,ios,4,ios,normal,11408,0
0,False,ios,2,ios,new,11417,0
0,False,weixin,0,weixin,new,11419,3
0,False,ios,5,ios,normal,11421,0
0,False,weixin,0,weixin,new,11429,2
0,False,weixin,0,None,new,11434,1
0,False,weixin,0,weixin,normal,11438,2
0,False,ios,2,ios,normal,11439,0
0,False,weixin,0,weixin,normal,11448,34
0,False,ios,2,ios,new,11449,0
0,False,weixin,0,None,normal,11453,1
12,False,android,0,android,normal,11460,0
0,False,ios,7,ios,new,11463,0
0,False,ios,13,ios,normal,11464,0
0,False,weixin,0,weixin,new,11469,3
2,False,android,0,android,new,11479,0
0,False,weixin,0,weixin,normal,11482,2
0,False,weixin,0,weixin,new,11483,8
0,False,ios,1,None,new,11484,0
0,False,weixin,0,None,normal,11485,1
0,False,weixin,0,weixin,normal,11486,2
2,False,android,0,android,normal,11487,0
2,False,android,0,android,new,11489,0
4,False,android,0,android,normal,11490,0
0,False,weixin,0,weixin,normal,11493,8
0,False,weixin,0,weixin,normal,11495,15
19,False,android,0,android,normal,11499,0
0,False,ios,1,None,normal,11504,0
0,False,weixin,0,None,new,11509,1
0,False,weixin,0,weixin,new,11515,8
0,False,weixin,0,weixin,new,11516,6
0,False,ios,1,None,new,11519,0
0,False,weixin,0,weixin,normal,11520,3
2,True,android,2,ios,new,11521,5
0,False,ios,1,None,new,11522,0
2,False,android,0,android,new,11523,0
0,False,weixin,0,weixin,normal,11524,39
0,True,weixin,1,weixin,normal,11525,10
4,True,android,0,android,normal,11526,1
0,False,weixin,0,weixin,new,11534,5
0,False,ios,6,ios,normal,11535,0
0,False,ios,2,ios,new,11538,0
6,False,android,0,android,normal,11541,0
0,False,ios,2,ios,normal,11543,0
0,False,weixin,0,None,normal,11546,1
1,False,android,0,None,new,11549,0
0,False,weixin,0,weixin,normal,11550,3
0,False,ios,1,None,new,11551,0
0,False,weixin,0,weixin,normal,11555,30
0,False,weixin,0,None,normal,11557,1
0,False,weixin,0,weixin,normal,11558,16
0,False,ios,3,ios,normal,11559,0
0,False,weixin,0,weixin,normal,11569,2
1,False,android,0,None,new,11570,0
4,True,weixin,0,weixin,normal,11578,26
2,False,android,0,android,normal,11579,0
0,False,weixin,0,weixin,normal,11582,3
0,False,weixin,0,weixin,new,11597,3
6,True,android,0,weixin,normal,11600,6
6,True,android,0,weixin,new,11602,1
0,False,ios,4,ios,normal,11607,0
2,False,android,0,android,normal,11611,0
0,True,weixin,4,ios,new,11612,3
0,False,weixin,0,None,normal,11613,1
0,False,weixin,0,weixin,normal,11615,25
0,True,ios,8,weixin,normal,11618,1
0,False,ios,2,ios,new,11619,0
0,False,weixin,0,weixin,normal,11621,7
0,False,ios,5,ios,normal,11628,0
0,False,weixin,0,weixin,normal,11629,4
0,False,weixin,0,weixin,normal,11641,40
8,False,android,0,android,normal,11653,0
5,False,android,0,android,new,11654,0
2,True,weixin,0,android,normal,11668,6
1,False,android,0,None,new,11671,0
0,False,weixin,0,weixin,normal,11673,23
0,False,ios,2,ios,new,11677,0
0,False,weixin,0,None,new,11680,1
0,False,ios,2,ios,normal,11682,0
10,False,android,0,android,normal,11683,0
0,False,weixin,0,weixin,new,11684,2
0,False,weixin,0,weixin,normal,11686,5
2,False,android,0,android,new,11690,0
2,False,android,0,android,new,11691,0
0,False,ios,12,ios,normal,11697,0
4,False,android,0,android,normal,11708,0
0,False,weixin,0,None,normal,11712,1
0,False,weixin,0,weixin,new,11713,8
2,False,android,0,android,new,11715,0
4,False,android,0,android,normal,11717,0
0,False,weixin,0,weixin,new,11718,6
7,False,android,0,android,normal,11720,0
0,False,weixin,0,weixin,normal,11725,2
16,True,weixin,0,weixin,normal,11730,44
0,False,weixin,0,weixin,normal,11731,2
0,False,weixin,0,weixin,normal,11749,2
0,False,ios,16,ios,normal,11750,0
0,False,weixin,0,weixin,normal,11752,2
0,False,weixin,0,weixin,normal,11755,3
0,False,weixin,0,None,new,11757,1
6,True,android,0,android,normal,11759,1
1,True,weixin,0,android,new,11769,1
0,False,weixin,0,weixin,normal,11770,15
0,False,weixin,0,None,new,11771,1
1,False,android,0,None,new,11777,0
2,True,android,0,weixin,normal,11778,1
3,False,android,0,android,new,11783,0
2,False,android,0,android,normal,11786,0
0,False,weixin,0,weixin,new,11787,2
0,False,weixin,0,None,new,11793,1
0,False,ios,2,ios,normal,11797,0
4,False,android,0,android,normal,11808,0
6,True,android,0,weixin,normal,11814,3
0,False,weixin,0,weixin,new,11817,2
0,False,ios,10,ios,new,11824,0
0,False,weixin,0,weixin,new,11830,8
0,False,weixin,0,weixin,normal,11833,6
0,False,weixin,0,weixin,normal,11837,6
36,False,android,0,android,normal,11840,0
3,False,android,0,android,new,11849,0
0,False,weixin,0,weixin,normal,11851,8
0,True,weixin,14,weixin,normal,11852,5
0,False,weixin,0,weixin,new,11857,2
0,False,weixin,0,weixin,normal,11863,9
0,False,weixin,0,weixin,normal,11864,5
30,True,android,0,android,normal,11866,4
0,False,weixin,0,weixin,new,11867,2
0,False,ios,12,ios,new,11868,0
0,False,weixin,0,weixin,normal,11871,3
0,False,weixin,0,weixin,normal,11878,3
0,True,weixin,2,weixin,new,11881,3
9,True,android,0,weixin,normal,11883,7
0,False,weixin,0,weixin,normal,11886,2
4,False,android,0,android,normal,11891,0
14,True,weixin,0,weixin,normal,11892,9
2,False,android,0,android,new,11893,0
0,False,weixin,0,weixin,new,11900,2
0,False,ios,2,ios,new,11902,0
0,False,weixin,0,None,normal,11904,1
16,False,android,0,android,normal,11909,0
0,False,weixin,0,weixin,new,11921,9
0,False,ios,2,ios,normal,11929,0
6,False,android,0,android,normal,11938,0
1,False,android,0,None,normal,11943,0
0,False,ios,1,None,new,11951,0
0,False,weixin,0,weixin,new,11952,4
0,False,weixin,0,weixin,normal,11955,3
0,False,weixin,0,weixin,new,11977,2
0,False,weixin,0,weixin,normal,11978,20
0,False,weixin,0,weixin,normal,11987,12
0,False,ios,5,ios,new,11988,0
10,False,android,0,android,normal,11989,0
0,False,weixin,0,weixin,new,11991,5
6,False,android,0,android,new,11997,0
4,False,android,0,android,new,11998,0
3,True,weixin,0,android,normal,12005,9
0,False,ios,1,None,normal,12011,0
0,False,weixin,0,weixin,new,12012,3
4,False,android,0,android,normal,12013,0
2,False,android,0,android,new,12023,0
0,False,ios,1,None,new,12030,0
0,False,weixin,0,weixin,normal,12034,4
0,False,weixin,0,weixin,normal,12035,2
0,False,weixin,0,None,new,12053,1
2,False,android,0,android,normal,12061,0
0,False,ios,2,ios,normal,12071,0
0,False,weixin,0,None,normal,12073,1
0,False,weixin,0,weixin,new,12074,2
0,False,weixin,0,weixin,normal,12085,4
0,False,weixin,0,weixin,new,12097,3
0,False,ios,4,ios,normal,12098,0
0,False,weixin,0,None,new,12100,1
1,False,android,0,None,new,12101,0
4,True,android,0,weixin,normal,12104,6
0,False,weixin,0,None,normal,12107,1
12,False,android,0,android,normal,12110,0
0,False,weixin,0,weixin,new,12117,2
2,False,android,0,android,normal,12119,0
0,False,ios,2,ios,normal,12131,0
0,False,ios,4,ios,normal,12132,0
0,False,weixin,0,weixin,normal,12140,6
21,False,android,0,android,normal,12143,0
0,False,weixin,0,weixin,new,12145,3
0,False,weixin,0,weixin,normal,12164,21
0,False,weixin,0,weixin,normal,12165,9
2,False,android,0,android,normal,12166,0
0,False,ios,1,None,new,12169,0
0,False,weixin,0,weixin,normal,12172,5
0,False,weixin,0,weixin,normal,12178,7
0,False,weixin,0,None,new,12179,1
4,False,android,0,android,normal,12180,0
0,False,weixin,0,weixin,normal,12185,9
2,False,android,0,android,new,12186,0
0,False,ios,4,ios,normal,12190,0
0,False,weixin,0,weixin,normal,12192,9
2,False,android,0,android,normal,12199,0
0,False,weixin,0,weixin,normal,12208,17
0,False,weixin,0,weixin,normal,12210,3
0,False,weixin,0,weixin,new,12211,10
2,True,weixin,0,weixin,normal,12212,19
0,False,ios,1,None,new,12214,0
0,False,weixin,0,weixin,normal,12221,2
0,False,ios,5,ios,new,12223,0
9,False,android,0,android,new,12224,0
0,False,weixin,0,None,new,12226,1
0,False,weixin,0,None,normal,12232,1
2,False,android,0,android,normal,12234,0
6,False,android,0,android,new,12249,0
0,False,ios,2,ios,normal,12251,0
0,False,weixin,0,weixin,new,12254,3
0,False,ios,4,ios,normal,12257,0
0,False,ios,2,ios,normal,12259,0
0,False,ios,12,ios,normal,12260,0
4,False,android,0,android,normal,12269,0
0,False,ios,4,ios,normal,12270,0
0,False,weixin,0,weixin,new,12277,4
0,False,ios,1,None,new,12279,0
2,True,weixin,0,weixin,normal,12281,10
2,True,android,0,weixin,normal,12283,4
0,False,weixin,0,weixin,new,12287,9
0,False,weixin,0,weixin,normal,12294,5
0,False,weixin,0,weixin,auditting,12297,8
0,False,weixin,0,weixin,normal,12307,6
1,False,android,0,None,new,12326,0
0,True,weixin,2,weixin,normal,12338,4
2,False,android,0,android,new,12347,0
2,False,android,0,android,new,12356,0
0,False,weixin,0,weixin,new,12365,2
6,False,android,0,android,new,12368,0
0,False,ios,2,ios,normal,12385,0
2,False,android,0,android,normal,12402,0
0,False,weixin,0,weixin,normal,12406,3
0,False,weixin,0,weixin,new,12409,24
0,False,weixin,0,weixin,new,12410,6
0,False,weixin,0,weixin,new,12413,3
0,False,weixin,0,weixin,normal,12415,2
2,False,android,0,android,normal,12417,0
4,True,android,0,weixin,normal,12421,3
2,False,android,0,android,normal,12424,0
5,False,android,0,android,new,12426,0
2,True,weixin,0,android,new,12428,1
0,False,ios,2,ios,new,12435,0
0,False,weixin,0,None,normal,12446,1
2,False,android,0,android,normal,12453,0
2,False,android,0,android,new,12473,0
0,False,weixin,0,weixin,new,12478,5
2,False,android,0,android,normal,12487,0
0,False,ios,3,ios,new,12490,0
2,True,weixin,0,weixin,normal,12491,12
0,False,weixin,0,weixin,normal,12497,2
4,False,android,0,android,normal,12502,0
0,False,weixin,0,weixin,normal,12503,5
0,False,weixin,0,weixin,normal,12508,11
2,False,android,0,android,normal,12510,0
0,False,weixin,0,weixin,normal,12516,10
3,False,android,0,android,normal,12524,0
0,False,ios,4,ios,normal,12526,0
0,False,weixin,0,None,normal,12530,1
0,False,ios,4,ios,normal,12537,0
0,False,weixin,0,weixin,new,12538,32
2,False,android,0,android,new,12540,0
0,False,weixin,0,weixin,None,12555,2
2,True,android,0,weixin,normal,12560,5
2,False,android,0,android,normal,12561,0
0,False,weixin,0,weixin,normal,12572,4
0,False,weixin,0,weixin,normal,12573,7
0,False,ios,2,ios,new,12591,0
2,False,android,0,android,normal,12596,0
0,False,weixin,0,weixin,normal,12599,9
0,False,weixin,0,weixin,None,12603,2
0,False,weixin,0,weixin,new,12604,6
0,False,weixin,0,None,new,12605,1
2,False,android,0,android,new,12611,0
0,False,weixin,0,weixin,new,12612,19
1,False,android,0,None,new,12614,0
0,False,weixin,0,weixin,new,12622,5
0,False,weixin,0,weixin,normal,12623,20
0,False,ios,2,ios,new,12643,0
0,False,ios,1,None,normal,12645,0
0,False,weixin,0,weixin,new,12650,2
0,False,weixin,0,weixin,normal,12653,4
0,False,weixin,0,None,new,12659,1
0,False,weixin,0,weixin,auditting,12662,70
0,False,weixin,0,weixin,normal,12665,24
2,False,android,0,android,normal,12670,0
0,False,weixin,0,None,new,12673,1
2,False,android,0,android,new,12676,0
2,True,weixin,0,weixin,new,12677,5
0,False,weixin,0,weixin,normal,12678,2
0,False,weixin,0,weixin,normal,12679,3
0,False,weixin,0,weixin,normal,12680,2
4,True,weixin,0,android,new,12681,3
0,False,weixin,0,weixin,normal,12696,5
0,False,ios,4,ios,new,12707,0
2,False,android,0,android,normal,12710,0
3,False,android,0,android,new,12711,0
0,False,weixin,0,weixin,normal,12713,6
2,False,android,0,android,new,12715,0
0,False,weixin,0,None,None,12718,1
0,False,weixin,0,weixin,new,12734,2
0,False,ios,2,ios,normal,12751,0
0,False,weixin,0,weixin,normal,12767,10
0,True,ios,5,weixin,normal,12773,4
0,False,weixin,0,weixin,auditting,12776,2
0,False,weixin,0,None,new,12784,1
0,False,ios,4,ios,normal,12787,0
2,False,android,0,android,normal,12803,0
0,False,weixin,0,None,normal,12804,1
0,False,weixin,0,weixin,new,12805,2
2,True,weixin,0,weixin,normal,12806,10
0,False,weixin,0,weixin,normal,12816,5
0,False,ios,1,None,normal,12832,0
0,False,weixin,0,weixin,normal,12841,12
0,False,weixin,0,weixin,new,12842,3
0,False,weixin,0,weixin,new,12850,2
2,False,android,0,android,normal,12857,0
2,False,android,0,android,normal,12871,0
0,False,weixin,0,None,None,12873,1
0,False,weixin,0,weixin,new,12878,8
2,False,android,0,android,normal,12883,0
2,True,android,0,weixin,normal,12905,5
0,False,weixin,0,weixin,new,12910,2
11,False,android,0,android,new,12912,0
0,False,weixin,0,weixin,normal,12914,7
0,False,weixin,0,weixin,normal,12923,78
0,False,weixin,0,weixin,new,12950,19
0,False,ios,2,ios,new,12954,0
0,False,weixin,0,None,new,12957,1
1,False,android,0,None,new,12966,0
0,False,weixin,0,weixin,normal,12969,7
0,False,weixin,0,None,None,12971,1
18,False,android,0,android,normal,12976,0
0,False,weixin,0,weixin,new,12982,5
0,False,ios,4,ios,normal,12985,0
4,False,android,0,android,new,13000,0
0,False,weixin,0,weixin,new,13001,6
2,False,android,0,android,new,13032,0
0,False,weixin,0,weixin,normal,13045,3
2,False,android,0,android,normal,13049,0
0,False,ios,6,ios,normal,13052,0
2,False,android,0,android,normal,13053,0
2,False,android,0,android,new,13073,0
2,False,android,0,android,normal,13085,0
2,False,android,0,android,normal,13090,0
0,False,weixin,0,weixin,normal,13101,4
0,False,weixin,0,None,None,13114,1
0,False,weixin,0,weixin,normal,13118,5
3,False,android,0,android,new,13119,0
0,False,weixin,0,None,None,13122,1
0,False,weixin,0,None,None,13128,1
2,False,android,0,android,normal,13131,0
0,False,weixin,0,None,normal,13135,1
16,True,weixin,0,android,normal,13144,12
0,False,weixin,0,weixin,new,13147,3
0,False,ios,2,ios,new,13151,0
0,False,weixin,0,None,new,13156,1
0,True,ios,6,weixin,normal,13158,1
2,False,android,0,android,new,13163,0
0,False,ios,6,ios,new,13167,0
3,False,android,0,android,new,13175,0
9,False,android,0,android,new,13176,0
0,False,weixin,0,None,new,13180,1
0,False,ios,1,None,new,13181,0
0,False,ios,2,ios,normal,13185,0
2,False,android,0,android,normal,13186,0
2,True,weixin,0,android,new,13198,3
0,False,weixin,0,weixin,normal,13201,13
2,False,android,0,android,new,13205,0
4,True,android,5,ios,new,13206,0
0,False,weixin,0,weixin,normal,13207,11
2,False,android,0,android,normal,13209,0
0,False,ios,2,ios,normal,13216,0
2,False,android,0,android,new,13224,0
0,False,weixin,0,None,new,13229,1
6,False,android,0,android,new,13234,0
2,False,android,0,android,new,13246,0
2,False,android,0,android,normal,13259,0
0,False,ios,1,None,normal,13273,0
0,False,weixin,0,weixin,normal,13276,7
0,False,weixin,0,weixin,new,13285,3
0,False,weixin,0,weixin,auditting,13288,2
0,False,ios,3,ios,auditting,13299,0
0,False,weixin,0,None,new,13302,1
0,False,weixin,0,None,None,13303,1
0,False,weixin,0,None,auditting,13306,1
0,False,weixin,0,None,auditting,13316,1
0,False,weixin,0,None,new,13319,1
0,False,weixin,0,None,auditting,13320,1
0,False,weixin,0,None,new,13326,1
0,False,weixin,0,weixin,new,13328,3
0,False,weixin,0,weixin,new,13332,3
0,False,weixin,0,None,new,13334,1
0,False,weixin,0,weixin,normal,13336,2
0,False,weixin,0,weixin,new,13339,2
0,False,weixin,0,weixin,auditting,13343,2
2,False,android,0,android,new,13350,0
0,False,weixin,0,weixin,new,13354,5
8,False,android,0,android,new,13368,0
2,False,android,0,android,auditting,13371,0
0,False,weixin,0,weixin,new,13374,3
2,False,android,0,android,new,13381,0
3,False,android,0,android,auditting,13389,0
0,False,weixin,0,weixin,None,13390,2
0,False,weixin,0,weixin,auditting,13402,2
0,False,weixin,0,None,new,13404,1
3,False,android,0,android,auditting,13405,0
0,False,weixin,0,None,new,13419,1
0,False,ios,2,ios,auditting,13422,0
2,False,android,0,android,auditting,13424,0
0,False,weixin,0,weixin,auditting,13444,6
0,False,weixin,0,None,auditting,13448,1
0,False,ios,4,ios,new,13459,0
1,False,android,0,None,auditting,13466,0
2,True,weixin,0,weixin,auditting,13470,2
0,False,weixin,0,None,new,13502,1
0,False,weixin,0,None,new,13504,1
0,False,ios,2,ios,new,13516,0
0,False,weixin,0,None,new,13519,1
0,False,ios,1,None,new,13522,0
